fila_excel,CustomerID
205083,14101
144444,14688
471173,16156
155504,17669
328299,17841
267526,14911
485085,17738
367838,16818
236235,15750
419409,13644
495903,17481
57559,15033
27968,15854
311596,14875
390889,15024
83089,14606
339191,16081
230669,15021
323040,16945
173325,14107
289656,17735
350180,13316
235008,12444
76567,12731
475501,17828
14139,12681
315078,15669
504844,15861
430238,16705
55443,13089
169076,15237
125874,14769
207628,14606
336044,16871
345738,15533
213943,17346
201318,14817
343083,15417
398368,12744
269405,14732
236617,13089
489254,17155
306719,15078
31127,16145
428835,18055
473357,14898
464210,16877
432929,16729
382830,18109
220687,17372
10020,13174
446364,18036
233071,15016
220603,14606
442935,16372
39420,15867
357077,16240
272061,17511
353163,17460
185709,14056
114764,14112
446583,17043
373124,17321
394843,13777
40099,14737
139735,13426
232004,15334
376673,17957
454579,12981
120745,13451
485324,16399
276163,15506
197764,15078
350752,14096
176548,15491
137950,13439
398925,16674
346870,14159
384321,12856
381831,15707
22334,17841
530556,17744
25400,15503
459971,16433
177656,13475
282469,15329
249269,17581
335813,12965
500266,12748
69733,12421
339403,16036
90770,16431
288676,15290
273894,14407
223890,17802
350315,15311
483165,14704
402115,14830
482112,16779
336975,16360
124212,16779
37261,12748
239785,14156
5280,13370
408549,13755
55802,17068
128639,15998
70239,14257
322031,14420
327661,16455
333229,12748
276462,16558
433995,14673
236831,15041
373900,13994
193585,17511
367326,14524
493055,16020
489000,13268
426118,14179
463197,15787
438214,13467
182190,17576
181459,12867
88391,13742
155499,17669
385399,13755
12975,17841
33310,15311
44483,12681
68947,14782
448027,14140
199921,14711
423375,14716
411887,15819
101435,13081
513084,12953
87904,15044
121879,17716
143516,16010
230140,15555
54158,17965
521228,15078
488130,13246
237002,12919
114790,14112
216907,16393
403345,14156
229362,13627
126844,14245
29593,14057
529751,12478
324532,16983
32419,17189
4846,17659
485755,14194
151490,17372
398221,15132
405956,14381
139736,13426
332814,12674
187746,14651
332748,13823
243352,15208
537580,14217
83317,13334
331768,16031
231470,13097
45045,15464
349597,17724
357108,16240
67569,12916
154884,12766
530409,17914
314302,13644
100862,16719
166292,12354
62645,13263
8756,15880
227027,14852
118192,13956
464343,17450
280518,16447
375154,13801
120891,12994
222713,15856
394025,12607
39051,18097
303786,16755
491599,14505
54243,13488
458039,17015
238167,13014
184996,14920
284641,16477
106024,16212
349755,14356
397794,15620
370957,16923
69393,15179
371547,16007
527893,14096
212474,13248
245791,17921
494519,14096
534045,15498
477439,12748
297988,18226
285992,17757
18101,16713
284876,15438
484214,16905
59813,13089
34645,16931
122253,15433
323878,18087
28731,17375
54188,17965
347439,14704
12454,14911
267580,16511
286047,16745
202099,17811
212957,17071
216406,17015
61592,12356
278036,13110
382560,16653
118778,15039
255612,17107
428442,13813
377679,12720
254607,17560
105853,14688
180688,15159
294263,17085
139526,15424
32759,15563
30498,17841
503595,15443
149227,17735
519069,14702
100086,16145
410613,17092
455267,14096
301413,15311
8466,12748
301093,15048
432704,17696
111486,15039
321281,17841
306743,17402
503284,13596
240096,16728
209308,16813
222987,13232
315225,15555
421560,12841
506748,12660
492694,13742
28251,16726
488372,15106
66317,14088
349386,12352
290138,16180
519263,17566
383451,14067
468398,17974
200864,17841
191126,15125
37438,16684
363065,15061
100631,17139
418361,15656
249754,13408
333626,16362
331502,13137
229264,17642
182442,13320
95276,17811
312792,12714
540430,17001
59934,16033
313832,12715
88474,17126
453481,15916
406939,13590
354467,15398
391112,17863
512846,17841
214252,12727
436682,16929
424164,16764
5282,13370
333658,12830
78381,17035
473377,14898
343664,15804
472888,13285
203636,14194
97506,14688
107441,17738
313089,17841
29934,17158
194963,14060
116707,14077
46768,18041
37551,14472
490289,17338
350969,14096
417350,15861
72352,16409
152859,13089
42586,16255
95771,17323
355248,15555
463569,16898
527143,13230
207070,17961
67978,13230
319982,17588
211035,13334
475525,14911
505820,13004
190176,13232
205802,14584
184945,14691
423557,17602
437997,13914
86770,12857
266831,16474
396896,17614
465437,13755
268465,14038
533097,17503
8735,15880
466032,15058
225658,15719
222656,14415
466115,15532
294141,13869
93815,14099
510765,13068
495782,17530
399548,14088
468888,14711
257878,17758
333785,17426
106080,14656
38985,12681
263688,18283
58681,14404
142477,13137
147643,16031
434365,16367
391177,16120
369739,13764
426552,14178
8835,16718
353656,14395
75877,17431
91021,14825
476532,14704
375462,14291
78615,16705
87366,14796
289782,15133
385430,13755
278938,18180
109894,13491
178855,12748
37581,17358
212252,13458
135867,15249
458567,14446
499916,15382
429625,14096
366691,17894
77008,17068
165513,13162
8303,18156
457131,13810
172412,15407
58291,12474
305022,12839
461999,14547
525713,14649
444597,15025
310342,12567
394825,13777
188159,13451
403387,16249
148883,13102
505512,17920
200908,17841
385708,13558
369620,13954
17824,17341
31308,17449
241621,12867
7298,16455
349647,14401
416449,14096
190348,15033
517132,14659
444297,14502
541575,15910
362593,13555
238757,18283
397563,13213
255599,17107
499233,18188
96000,18094
492449,12955
222098,17797
434602,16379
303248,16241
177425,13001
70783,12744
179323,16121
305389,16767
301113,12758
244670,16556
196180,17871
361491,14096
342922,18259
413603,14629
395474,12446
229572,13263
357044,14880
252057,17220
467401,14096
455203,14096
417931,17596
507285,13030
308535,17562
225024,13999
157276,15581
230139,15555
300770,16115
371018,17811
489400,13199
8995,14161
238555,12697
469033,17220
135332,12669
306497,12418
354265,13055
152666,12701
321805,15829
388222,17841
9569,15889
266551,13654
403469,17073
11626,14443
288131,13384
183078,14288
74895,12735
139149,17220
490193,17338
263272,14562
329838,17345
4916,17757
194343,18223
382926,17231
151018,13630
364044,12656
332651,17841
472316,16916
424689,16102
169205,13263
41316,15044
336068,16474
533157,13949
403566,17203
301911,15023
103105,17516
505866,14911
390884,17412
511161,13521
209654,13263
126331,16115
141993,18172
293889,14844
500474,15872
31769,15005
142930,15605
220774,17522
366912,14868
299455,12381
330150,14156
84203,14048
151532,15058
183232,15756
26756,16210
408490,15301
137248,17315
28935,14733
401018,17858
414445,15142
353547,13804
59287,15296
360601,13927
162966,14309
215135,14623
121532,12523
428361,16836
56698,15916
236209,15750
121619,14505
291775,15719
321310,12415
532767,15023
289947,16929
211629,14221
240133,16728
277233,16099
120606,15867
349086,16327
176904,14156
141988,13883
152083,14286
489012,13268
337993,16814
231961,16326
513508,16241
286101,14709
227281,15134
97817,14895
364794,13139
179129,14911
243218,17799
409365,18252
359803,16771
541720,12662
66801,17799
505674,12668
320855,13089
491838,17590
170892,15768
296133,16700
31156,13078
12847,13030
197742,15078
92440,13089
230313,17306
28721,17375
392644,14911
411943,12712
375775,13408
44798,12682
155889,15005
137294,17398
409305,17346
136240,14851
517430,18122
452375,14968
503251,13596
482384,15919
427360,15478
455064,14096
173450,13102
26472,15044
520560,17221
445319,13139
23874,14911
100630,17139
304507,16706
507234,17811
472622,17412
143349,17243
54382,12359
347858,12540
162934,16422
266892,14895
169670,13018
162666,16928
324621,14691
531364,16571
40056,14643
279404,16942
419935,17841
235320,17841
302137,15002
115265,15379
41368,16477
497751,16824
440625,17084
341230,13430
8206,17796
211152,14389
380266,14626
418801,13263
521292,17238
401228,13015
88572,17454
166608,16587
295480,14646
62667,13263
509712,13137
209686,15192
437311,17644
274332,15623
9468,14506
452602,14621
85783,17083
495484,14088
218094,18221
112839,15834
315263,18041
358970,15799
218023,16626
479879,12391
131785,15144
73904,18125
531451,17841
287150,15228
43838,12921
452425,17867
446852,17757
361991,16145
165623,17530
391089,14911
295186,15078
234438,12759
480255,17286
517,17908
532834,16987
171573,13499
14560,13488
416140,14096
413510,17111
299774,14911
312610,14056
277811,14796
292852,13450
185539,16644
146155,15194
14436,18119
71866,14911
516643,15101
253923,13583
264815,14907
493328,17700
494134,18283
410571,13136
23796,18116
95605,13744
355862,17416
312167,16340
462615,13379
47041,13081
419611,14550
287281,13437
500771,16327
260305,17841
394764,13477
66352,14088
216684,13050
117418,16766
34503,12971
176639,14713
174383,15039
184927,18272
23614,12748
89962,15358
239001,13709
538916,15898
301741,15706
412046,14031
213687,13610
155942,16187
534440,16426
537265,15520
465760,14418
127458,12867
414775,17220
207029,15867
291568,17841
369473,18217
68716,14796
328429,16175
76764,12476
322021,14420
468484,17777
272169,14755
465522,13447
409515,12556
209431,15039
512865,12748
455101,14096
465899,12957
136936,18226
199083,18125
252931,17404
404336,16940
209291,16969
201138,16422
295625,13636
39613,17340
472614,15900
17427,13126
378202,15757
231356,14646
344976,18055
335097,13450
311353,14796
125234,13798
90743,16431
540105,13077
210595,14298
444109,14547
184572,16320
307155,15701
1034,15012
89828,13089
36253,12705
20617,16795
86745,12857
467959,15419
260459,15051
215834,16825
121098,16029
451783,13408
394051,12607
192375,13976
187640,13263
101881,13870
347525,12752
223910,18069
222584,14895
52293,13491
242931,18075
31989,15641
241286,16033
68387,13798
451613,17511
86848,16558
17837,17341
188101,13451
190426,15333
404721,16730
82690,16029
237278,12720
211385,13437
513569,17835
255563,15416
315727,12484
209088,14842
214400,15349
165362,13269
385567,16326
469689,14911
385718,17811
533954,14087
464960,17377
479043,16871
18364,13523
369954,14911
493122,12748
394734,14291
72522,14733
531812,16076
321048,13069
154038,13157
388602,17284
337818,14359
204060,15039
326149,14156
202422,14534
538120,17528
373472,16875
538867,15484
7088,17238
262985,12405
339641,16469
72961,13089
534055,18237
28339,17303
142552,14419
154853,13134
188488,12471
306718,15078
224115,13936
151866,17550
54372,17841
503727,14577
412224,15000
38964,12681
237368,13268
47875,16191
309208,15150
264877,18118
310820,12540
29926,17158
490355,17297
360248,13389
91414,16019
216703,13050
406868,16470
419997,15005
475465,15737
169583,17954
335878,15533
480921,16463
88184,15406
493737,16255
198074,12935
446280,14606
523454,14456
168639,15738
135965,14730
102402,15093
534422,17602
264662,17554
54425,13113
137243,17315
296351,14388
373815,13297
1121,12662
485176,15426
297500,15608
449192,16549
26416,13959
427282,17590
442688,13365
475951,12567
378413,12415
344382,13268
308806,14265
421776,17459
9655,14606
411461,17463
104648,14056
130572,14461
203959,14593
323732,14606
67657,13659
378342,15730
419944,17841
331335,13700
482403,15919
439907,14388
220029,13265
133739,14758
321073,12436
260412,13269
134150,16081
490414,14422
20505,13102
260335,17841
341030,17883
221172,12597
306592,12626
86887,16425
394044,12607
247179,13148
2073,17841
440536,15707
64745,17315
330727,14116
83034,17105
197318,13887
45875,17634
462622,17068
295658,16053
181494,16503
514849,13536
98237,13421
156575,13069
411292,15358
361156,18016
401453,14096
350747,14096
204025,15039
469117,15955
390236,14744
424254,14498
348404,14911
229486,16843
32034,13124
429009,17951
164433,14152
403633,14298
225467,15358
311508,15932
452510,15485
41144,12515
476501,13668
104686,14056
142972,13418
28296,14085
510456,13428
462912,15022
292093,17220
231387,13097
31545,15512
206357,13232
137389,15906
449144,16549
69139,12693
400496,14156
116674,13126
221986,17064
414131,14607
423804,13632
416404,14096
180557,15596
73484,16700
33358,15157
326805,13192
399362,16466
258665,12556
28817,15808
187129,16116
402514,14422
125896,14769
326840,16444
347372,12724
175116,13873
292678,13451
429934,14096
357528,14911
358538,16480
250050,16729
232845,16717
174548,13524
225244,13663
265367,14572
350168,13316
275328,15815
336609,14292
260215,17405
180624,13908
423827,16656
59131,12388
223237,18109
118368,17611
369098,15187
90690,15311
321538,16923
273479,16891
466313,16504
84489,16458
350784,14096
526816,16200
500048,17870
403787,14298
540202,14702
307381,14224
508571,14480
356174,18118
212175,16230
531915,12362
153776,17972
438252,13467
296757,14030
145039,15756
7921,12567
353248,17581
212636,15508
271618,17841
376440,14506
205988,15172
65947,12594
364571,14606
186149,16712
8202,13506
101003,14527
273520,14298
224363,12481
93577,14606
269923,15727
262497,13667
488126,13246
206087,14280
10164,17677
144702,15752
329873,14911
414747,16444
264463,13050
387271,13373
209687,15192
27299,15361
170108,13637
360401,17841
16427,18102
239234,15258
505006,15436
486204,15857
249295,15349
90894,14156
6454,14083
375487,16186
438569,13081
86152,17537
306268,15159
418243,16110
425547,14810
529912,13709
142429,13137
463918,15861
432440,17346
157283,16523
407842,17512
148786,14449
526264,17090
155252,16348
250196,15549
336208,15865
146485,16170
47403,12481
204648,14085
254460,12647
228789,15585
499948,15382
270262,14178
273859,12748
414873,15786
336835,16984
241024,15834
86282,17843
424320,13694
278995,13588
508636,15619
451185,13046
323595,12437
100024,16208
50226,12539
397933,14390
408334,15814
330972,16418
135432,17841
231115,15356
386759,16921
388927,14535
221440,16113
513502,16241
485166,15426
359360,17837
169994,14051
246215,14016
356345,17841
458654,17364
33768,15532
489661,17371
464239,15203
237708,16940
54278,13488
312033,15800
21637,17950
8805,16718
192656,13488
347468,12621
98223,13421
115124,17238
371606,15906
471710,16008
41714,12585
261549,15795
526338,17218
516864,14804
5221,17135
517302,13599
49977,17218
390030,14395
443773,15427
449163,16549
283216,13102
385258,13456
506803,18101
403741,14298
202555,13771
170063,16016
69758,15052
151552,12447
329877,14911
376409,16033
135101,13110
113902,13089
5085,16150
224574,17795
433398,15511
108210,18218
475521,14911
413517,14504
460296,18014
529991,14869
451885,17841
328277,17841
375458,14291
368754,12598
275450,12438
214823,18118
422730,16416
337666,18069
286771,13075
412062,16326
409091,17365
85545,14415
102748,15078
186178,16712
8741,15880
391275,16362
469190,17659
182460,13098
182726,13694
531648,17266
701,16583
151113,15311
236104,15804
361383,14096
289225,16348
220650,14911
284730,15532
65881,14713
176663,12451
333459,12433
100156,15932
54682,12383
439112,17203
459160,15034
284543,14472
111950,15026
151671,18129
163071,14606
440349,15676
86842,15570
437095,13721
404541,14159
363097,13016
357295,14652
419465,16208
367798,16653
198738,18287
93300,13151
12153,17860
102305,13753
493518,14049
213426,13668
202207,17659
3416,15658
537584,15877
9771,15502
515941,12714
177103,12502
380459,13602
463466,12867
482282,15009
186702,12976
356676,18188
517339,12963
507109,16800
287310,13850
231752,18077
192773,14221
198326,16497
337721,14901
411428,16311
516548,12572
175552,15356
475405,12748
459100,15034
70489,13815
261794,13263
204167,14810
307713,13610
222159,16370
376812,15044
424236,14498
419861,14102
395891,18096
392834,17934
153298,13824
39382,15311
389876,14096
372203,17841
523134,16931
90194,12415
381784,12627
205215,16837
187565,12590
369221,15321
410137,17125
259839,17790
226544,14997
516379,15676
374559,15159
64752,17315
207003,14625
227822,12843
198291,16497
502997,14859
182576,17504
294964,18248
20672,16795
73148,12539
426651,14456
167520,14512
312143,16340
440669,17084
195137,13263
435931,17999
241192,14583
177859,12921
229208,15907
502974,17769
464220,16877
121268,13668
177236,14796
220820,12839
216220,14525
345471,15547
311917,13411
159640,15491
537437,12621
241977,14646
723,13758
455277,14096
361963,15745
205569,13199
179731,14684
293064,15411
22373,14713
74695,15547
100078,15687
117617,14587
280887,12397
98230,13421
493533,14049
384252,15874
530949,15189
388531,16549
386210,15756
231254,14051
127267,16558
506946,16393
376311,16474
96396,17677
212206,12601
41222,17400
200246,15705
23734,14256
506670,17523
513718,16764
355815,13949
149649,14619
296598,16750
101974,12841
398303,15856
337289,14732
261655,15493
367818,16653
424231,14498
229261,17642
147139,15917
448538,17651
482901,16360
232487,17444
312416,15764
179257,14709
293483,12865
336885,16984
359446,16049
128393,14530
187215,16745
286649,15410
469522,14194
59519,14667
213714,12662
520958,12970
460061,17052
521084,18245
324723,18223
358803,14540
503653,16942
76519,14426
295196,15078
27274,12540
159358,13474
46752,18041
397259,14567
429620,14096
31355,17346
156686,14062
123693,15861
3565,18041
527167,13230
189120,17398
143925,17337
74552,16755
132941,18109
242393,16928
240149,17323
414072,14493
201774,16729
14907,12748
498200,16609
487663,16712
105989,14506
103572,15996
377930,16684
310689,13425
52669,14669
109398,14911
510355,14390
135289,14410
7825,15351
44200,15311
305928,17720
181331,16242
189529,17841
323758,16674
443191,14553
391258,16362
1280,12433
80617,17071
393064,14761
144838,15311
79121,13854
50931,15039
382697,14592
106660,17449
246307,16746
63386,12681
437257,14878
109371,15827
538521,13263
336509,17685
152820,13549
261950,14159
308083,15547
447653,14050
526008,16904
293167,15831
395794,14421
427070,14684
417012,12398
153742,16172
147427,13491
428298,13103
225864,13476
328251,17841
55308,15291
29832,14298
275243,15005
172976,15048
224553,15625
335213,12748
100022,16208
131418,16525
501237,17329
438998,13756
147707,17042
289650,17735
78519,15687
86703,14465
167470,14231
19448,16252
152740,17841
120528,15150
480719,12578
458981,14527
265060,15301
295509,14646
281392,15261
212345,14700
146315,14546
108488,13476
199938,12710
77616,15881
28986,16455
273699,14410
214470,15301
220140,15855
201862,12749
332532,13441
368947,16268
437208,16322
412397,15584
158542,17346
338096,15529
468595,16361
146756,15145
348326,17450
179626,14040
526614,13089
26617,14505
109929,17535
298645,13263
368099,17220
147664,16713
499160,12748
375187,15864
382614,15300
180024,15518
481065,15494
21414,14667
208254,18231
525554,16360
25686,17126
306067,18225
282160,14898
12911,17191
99660,15311
350267,14527
228029,15036
103425,14606
487645,16712
172430,15407
438920,18102
83483,16686
191316,12871
177322,15062
506672,17523
492000,17519
486918,18139
386523,13212
429808,14096
304692,13925
191919,15910
411989,17361
72014,17075
530052,14562
335945,17841
387637,17706
510346,14390
464052,14382
88278,17282
314788,14911
110193,16923
277618,17364
498506,17812
227383,17511
39348,12481
212026,17231
122175,12480
81320,13668
229615,17463
4632,15574
212177,14500
528030,14096
29910,16191
342394,13018
398493,14595
185544,16644
307372,12518
145200,14606
277948,16161
159804,14978
300859,15683
12856,13030
530158,15318
196322,17017
334161,12635
232163,16744
256296,14315
475242,13238
174735,13047
376269,16474
243517,13982
253040,13418
452371,12931
348538,14164
56927,13385
233323,16713
454834,17059
285872,12749
217078,16218
339439,15201
400959,14911
132114,14267
125532,14071
191100,16705
167108,14031
395918,16042
347413,17613
128617,15998
456545,17502
58893,17609
382575,14257
437424,17403
218450,15764
229027,12484
476477,13668
394745,12498
321300,16456
275144,17920
231128,15356
363022,16713
495200,13174
78588,15311
357376,15807
540076,13318
291276,14713
320933,13089
369884,17376
159495,13695
387222,14297
487994,17100
153155,15615
165679,13148
291538,18079
39462,15460
197982,15601
110776,17050
325277,12867
154135,15358
237199,17651
25432,17251
78608,15311
200523,14911
460656,17069
152178,14286
162893,12947
199434,14769
110915,17107
527682,14096
293559,12885
202154,17450
350508,12550
171298,17160
138776,12456
90461,14701
258675,12556
441650,15745
243024,14383
452016,13588
182559,18242
299056,14646
61933,12510
172321,15376
79342,15589
477386,12748
190715,15813
225643,15719
39418,15867
467886,13777
114486,14336
189082,17139
83822,13458
388333,17372
507046,16800
341337,12457
527677,14096
42426,18116
407925,14776
440091,12577
422333,13488
273305,17811
309726,16904
259786,13590
135291,14410
350872,14096
71868,14911
152386,15737
86277,17843
284382,14911
291290,14713
176854,14393
127200,13113
181090,16729
407367,14704
439679,15010
90338,17348
140663,17365
326525,16820
237026,16187
221459,16113
359823,16771
353941,15484
465244,17652
420656,16332
357348,15903
237213,17365
379992,12431
49253,14800
505620,13081
423678,17602
146073,14646
303013,12722
158139,12639
211228,17652
147011,16161
82187,13137
339474,14163
176550,15491
393121,15311
462646,17841
513083,12953
249,13705
226020,14426
293767,14748
83607,17162
390315,13109
263818,17706
288652,14527
218166,13571
90812,15370
218378,14367
188606,14291
325608,13548
32095,15456
19278,17340
89960,15358
416306,14096
20593,15288
239096,14541
199327,15716
314259,15132
246933,15465
158661,17920
393581,14834
125559,14258
424103,14110
435988,17595
527612,14096
106657,17449
463827,16930
530879,15907
211615,14221
298829,13588
199829,15555
472405,13558
315917,14044
382510,12569
526084,14083
149029,14465
478609,15435
369095,15187
424876,12705
224124,13936
365184,16690
329673,14530
367011,17633
357637,15978
521185,17686
493370,14527
444594,15025
264782,12815
340652,13078
88447,17126
353334,16395
110140,15465
173043,13089
201005,13546
275161,17920
202242,18044
307668,15984
113782,14367
532775,15023
9872,17965
196219,12957
380620,15805
472368,16916
125007,17419
50909,16850
68234,17673
372473,13344
306729,16828
306117,16743
410601,17092
378310,12841
172892,15620
317548,14527
405614,17576
236298,15059
326294,13881
402224,15033
443200,12381
411031,17377
366915,14868
153767,17972
364244,14911
154615,13740
335263,12748
187071,16033
139543,16788
203956,14593
503460,18156
107947,15087
306073,18225
96567,15146
471948,12720
342216,15005
339279,17779
84146,12359
401337,14211
249829,15078
59551,15311
434834,13271
427537,17213
412461,13782
32348,16725
119280,16327
227076,17284
22283,17576
1361,14594
273780,17660
30219,17372
185782,14277
269397,14732
182833,13242
223364,17242
54606,17338
301925,15023
404162,17758
386130,16595
344102,12471
425731,17372
201287,13831
77438,17604
491839,17590
345703,16438
163999,17449
718,13758
485699,14883
461844,16015
466945,14096
506372,13590
284794,14414
355140,13012
401460,14096
497365,15482
230183,18168
241029,15834
382048,17813
506566,14597
260320,17841
324469,16686
384527,16900
58379,16746
535288,15298
340296,15845
323100,16735
90221,12415
247233,16918
412684,16686
188728,16161
428673,17841
440517,15707
305995,14221
342530,17047
129786,12352
291704,15719
213740,12662
356190,18118
177484,16748
480937,16463
168313,17975
414651,15271
175601,15061
168312,17975
9751,16422
90205,12415
197812,15856
33799,15532
175537,15356
428937,14808
301945,15114
166880,17179
263985,14857
216940,14911
289821,14640
225493,14503
468477,17777
265963,17725
193071,12949
122085,13268
469030,17220
400838,17520
463943,15861
419352,16173
468734,18043
143369,18109
211960,14088
422335,13488
190104,17107
372296,14432
49778,16549
495832,16343
323333,14911
29028,14829
189803,17655
344378,13268
78510,15687
508797,17450
380344,14849
229039,16729
256267,15182
145851,14849
4949,16029
338048,15529
188909,15529
163755,13735
14105,17470
139144,17220
521079,18245
472651,16469
84214,14048
400798,17201
448888,13975
431521,15329
229136,14735
33658,18176
190420,15333
404352,16940
529897,13709
261286,16365
196346,12620
403101,13536
155389,15640
4293,16781
98052,16907
266055,15716
94628,12594
519911,16440
276599,16710
216841,15311
135341,12669
458468,13137
525802,12381
23238,16499
342188,17865
133169,15529
482437,15919
304953,12415
293085,15518
47913,13534
366839,17870
142953,12748
87112,14081
418580,18079
268184,14808
488027,17100
443999,14502
467011,14096
32505,13890
531690,16016
191405,14038
316157,14869
482399,15919
101277,14298
514815,13362
79173,16161
337641,18069
517804,13969
121340,12502
56862,12490
266903,14895
277835,14796
281644,13534
23919,18065
15001,17419
271960,17962
290633,16531
485398,14447
160149,13798
195898,16175
196753,13591
404855,15604
221127,15712
19680,15694
345804,17802
358310,16326
333684,14895
390437,12371
468500,17777
277437,17841
402263,13546
284154,16839
358504,16480
269816,13081
382103,17813
525650,14649
492084,16376
335949,17841
306671,14755
531198,16495
382049,17813
165132,17567
139520,13509
343812,12963
75612,17796
361647,14217
347969,15201
354535,12906
486743,15274
258852,13224
77541,15058
390124,12772
143961,17337
482320,15009
149324,16261
381037,14819
153415,16186
479894,12391
55362,17364
300554,13838
32935,16743
307623,15984
111842,17654
249967,14606
359278,13991
168876,14210
230858,16869
307051,12971
513105,15414
207900,16558
108363,17416
208681,16810
479282,14277
382934,17231
442459,15555
240060,14837
31788,14201
376417,14506
300028,16678
276557,17724
365108,13842
199465,14769
523961,16535
485509,12349
439091,14659
473022,14554
331186,13244
178917,12748
520050,14688
11567,15898
241673,12867
443669,17107
86918,16842
29685,15983
518012,15948
360866,16705
395454,12359
527487,15274
216999,14530
77028,14527
197536,18109
445902,14387
63289,16904
421022,15993
448089,15573
19077,13649
95571,13744
337650,18069
165369,13269
84397,17841
327771,14360
361590,14096
288697,16102
337232,15996
92222,18257
462132,15021
278040,13110
225664,15719
148272,14911
321642,16672
324745,14067
524552,12841
332713,17870
121703,14572
392560,15421
250441,17511
433621,15830
480732,12578
99830,16940
406823,16979
255457,18072
340634,13552
526890,18015
417080,16186
436949,18205
248195,17160
326699,16172
266536,13340
377409,15276
402227,15033
410372,17571
522857,14583
292078,17220
132452,14256
94195,13230
8580,17211
296417,17442
401547,14096
345647,13566
243522,13982
25618,14577
181042,14667
79845,18041
119207,16150
179723,14684
45666,13680
375675,15046
505093,15555
149145,16255
489236,15116
516421,15951
315618,17841
526205,15854
346803,15365
526791,16200
268411,15152
390513,17119
168349,13842
350988,14096
497967,17458
484529,16666
23213,17880
479295,14277
514720,16910
175292,14911
380335,14849
74172,15601
213357,15453
164235,14415
211995,14088
428009,18067
398280,15856
517024,14178
217205,15449
214983,15150
522918,16033
11882,15048
103633,14036
332481,12449
187860,13601
213673,14696
293897,14844
30411,16919
93843,12748
383071,14557
174198,12886
78888,14180
285818,12749
486911,18139
187424,14021
304509,16706
234849,17695
493331,17700
399103,12940
492591,14205
428691,17841
503884,16592
242072,14646
25166,16873
103244,13767
74411,15057
524983,12748
507131,16800
100956,17364
346727,17058
270460,13895
425794,14546
456696,14713
177607,13365
151775,15665
466088,15532
523776,13521
216402,17015
326584,14534
276209,13137
343873,13599
25743,17218
239346,12615
356132,15763
11631,16210
340964,15021
220021,13265
454469,12659
109921,17535
83408,16686
195244,13767
44645,15358
991,14729
306912,12364
234451,12759
373023,18102
314406,15615
387471,14665
442028,15407
288477,17841
406088,16187
266378,13993
37385,14032
320817,13588
376478,14506
529609,12716
255829,14388
426208,17609
424315,16851
249288,14952
295455,14646
97567,16843
198090,12935
192698,16218
293720,16637
198753,12916
325836,14565
133177,15529
393446,15831
106064,14656
133852,14107
333660,12830
312320,15727
420406,18059
537913,14719
482655,14525
141730,17735
459131,15034
113648,15023
349672,13138
258412,13184
260489,18272
471865,14156
428193,13607
345259,14462
153102,13634
169709,18077
146161,15194
388939,14535
86807,18168
106686,17449
328416,14040
172343,15376
451432,18172
214397,15349
190195,13232
75634,14595
429692,14096
286729,13023
314476,14837
463435,12867
190283,15033
8988,14527
391509,12536
142059,13118
4991,13145
350590,14096
532680,17389
71670,14049
462865,12865
387449,16960
441538,14936
426180,17609
94534,16393
499965,15382
293512,17611
526609,13089
358959,15799
64994,15498
411722,15051
8126,18118
506959,16393
190151,16076
285298,16655
201112,15046
345855,17802
247048,16009
121675,17460
466272,16504
29788,12370
150578,16556
477454,12748
28414,17611
38270,13050
364548,13018
80227,12414
301974,15373
146503,16915
293637,15502
214346,12449
467958,15419
355367,12380
47286,12947
264043,15187
252572,17238
371902,14502
134560,15615
504970,15436
357724,16872
78297,13494
417924,17596
522220,18065
292656,13451
337223,15996
517709,14262
422239,16265
27450,13069
356745,13097
145776,17848
232343,15535
228835,16739
7961,14813
416392,14096
500270,12748
443565,15696
258256,17444
48123,12489
310757,13263
482120,14664
381284,13771
286089,14937
260464,18272
267093,13705
124492,13591
220023,13265
367493,15356
338478,15311
335746,12965
347508,12752
458580,14446
225749,15039
96072,14796
368021,12937
313615,15805
368521,17813
113537,14730
520815,18055
269764,13081
396786,17841
410774,13460
241316,16033
115827,15632
197480,18168
302012,13394
505287,14093
440108,16012
433124,14505
327513,15271
64652,15529
34254,13004
201481,17686
154212,16919
412240,15000
510941,16549
263652,18283
256172,13862
427000,14684
514857,13536
452,14307
48752,17284
540399,14441
466124,15532
223909,18069
365261,12748
157205,15270
321233,17841
342891,15466
342714,14367
399849,15113
384627,15615
174958,17384
388786,14529
59463,14606
463945,15861
364739,13139
103041,15951
320829,16880
105943,12679
462530,12867
224837,12472
500392,15872
56742,18085
78856,16110
180828,15673
505577,14893
71936,17735
42633,14606
5233,17396
360566,13410
111390,12614
64271,17602
338687,17365
462856,12865
412908,16794
383976,12528
9160,15023
365285,12748
331296,16426
262261,12766
41195,17400
106922,14606
313993,17189
53542,16791
321945,16638
361674,15755
177825,17604
413400,14035
158774,12681
206439,15402
199759,14647
177391,13001
150413,15874
385556,16326
265166,15004
155778,17735
461444,16438
280273,12753
75974,17463
232496,17444
359663,17107
4145,17976
92521,16839
287407,13089
2292,16539
55880,16161
98358,18196
456337,17716
84173,12359
158511,14056
71765,16422
207922,13113
463729,13451
301000,15376
429619,14096
84304,16321
267171,15845
231077,12463
406946,17625
537779,16161
312904,12417
145942,13018
228183,12415
475970,12567
264704,13491
134769,13357
106365,13166
169107,18183
187319,15489
191721,16710
531513,17841
269619,12415
303787,16755
79480,14460
182262,15615
454305,17340
213213,16923
203856,13317
452285,13209
277358,15218
157102,12582
456967,16791
449519,18177
374671,12747
325377,17229
223733,14704
69608,14541
327268,18196
351027,17475
353137,14261
75716,16770
301560,14282
45028,15464
466326,16504
453749,15531
95892,14502
328305,17841
525279,14759
412019,13171
406738,16440
452028,17402
168781,15581
74747,14659
469725,14562
406948,17625
56951,12474
332676,13319
297394,15498
236000,13849
416189,14096
332602,12621
3640,16244
234620,15998
362113,15701
217727,17828
396012,14234
134571,14911
134613,17625
359450,16049
111882,14606
407949,17350
253006,13804
438272,13467
307360,12518
474947,12748
97473,17994
134764,13357
314061,15811
448755,17841
295386,16791
159363,13474
44439,17511
399373,16466
263426,15402
293545,12530
416304,14096
184519,12749
517762,13969
126248,16710
116997,14913
228905,15129
440073,16191
419719,18118
527442,14629
241437,18193
100222,12471
369518,13263
482390,15919
314864,15074
284903,12942
132819,14911
91368,14386
346703,14934
430121,14911
394951,14537
27375,14796
334572,13124
9791,12763
523330,13319
361998,13644
191173,16293
115505,15622
246658,17338
453453,15679
482795,14502
313620,15805
325109,14965
477718,13969
479461,18210
160613,16550
383140,12420
311587,14875
403463,17073
481237,16350
531181,13507
8570,17211
440823,17841
360736,16383
200522,14911
184903,17164
526779,16200
187241,12431
187592,17667
527715,14096
400684,12473
449268,17160
144993,15311
39469,15460
201337,14817
315532,13137
94574,13932
22513,17530
276790,17649
68121,18283
300595,14040
18305,12766
494197,17422
425578,16923
425818,13278
92216,18257
184777,14462
500773,16327
436554,16221
159786,14978
309939,14004
169246,17854
146507,16915
374814,16253
261916,14159
420189,16415
220039,13510
292096,17220
196162,17865
197547,18225
407403,14704
341702,12921
148932,14903
515931,12714
190119,17107
160061,13871
476469,12931
382707,14592
469761,12474
371523,16007
237609,15379
319787,13726
106034,16212
255668,14702
244276,17837
177743,16919
353549,13804
276208,13137
46750,18041
6561,17809
221939,15114
52453,13078
208088,13398
192952,13309
494611,14096
200384,13988
362700,14456
181267,13178
527336,12683
488482,16782
6527,13013
204637,14085
218418,14367
397877,12856
425196,14071
220725,15252
465407,15033
77538,15058
520504,15856
526606,13089
509795,14550
44487,12681
196579,16813
186154,16712
486576,17625
244494,13988
495276,16653
159060,14524
370373,15834
100026,16208
507246,17811
188223,12757
143738,18116
133857,14107
483183,14704
499480,16016
262411,14201
155176,16175
49074,15465
259166,13089
395069,14963
104540,17841
177575,14944
12638,16550
437466,16914
15012,17419
451705,12949
338434,14646
17650,18043
425850,13278
57284,15213
389500,17589
258071,16014
301501,14606
33652,18176
209035,15643
522138,17584
162637,18069
19803,12481
359380,13408
495581,12748
230933,14936
383616,17228
185697,14056
525968,14547
455563,12599
148340,16515
219518,15238
347673,14356
305152,15311
292845,16271
499630,15117
180804,15673
420439,12456
71812,12472
171126,14240
519350,13297
147665,16713
163952,16907
530054,14562
604,17920
12531,16710
107894,16571
11970,12748
526585,17920
245982,17667
436987,15252
84675,17787
375298,14606
30259,16805
479582,17159
326076,16255
14307,17017
224001,13761
125200,13593
220560,16170
62644,13263
413481,14731
281712,17671
50920,15039
310837,12540
236672,14643
491973,12465
107542,17576
308335,12471
492142,16811
378785,14730
20169,14527
408584,17238
216840,15311
126973,12423
68966,15039
252263,15889
77331,17619
345106,14262
103176,14472
498340,14606
302555,14232
523180,16931
433654,17663
34187,14713
236111,15804
338111,15529
269413,14911
540005,15156
164844,18102
499213,18161
492520,17511
388263,14132
481224,14911
445314,13139
505977,16705
65964,18061
501083,16764
382979,17231
166075,16185
472130,17841
135568,15039
134579,17625
413973,16426
148753,14449
444512,17082
306327,13089
475283,15805
443561,15696
288688,16102
236757,14422
20017,14932
126297,16115
38324,17085
216808,12748
422086,17545
257350,16923
99683,14978
348045,14191
339458,18251
371835,15547
223986,16700
30376,16710
121061,13089
486640,13755
406778,16440
134355,16780
414450,15142
109492,17325
222669,14415
147720,17042
326680,14243
121475,12971
412301,16744
283419,14499
477091,17397
197449,12951
248909,17841
212295,16117
452328,13209
275065,15829
202897,17375
288844,13486
288974,16835
346787,15365
350021,17511
85432,16951
218762,16872
78244,14606
63294,16904
281798,15861
432442,17346
166426,17381
526899,18198
116550,14930
58244,17954
67802,13050
454434,17652
352918,17172
417969,13182
155259,16348
367704,15050
501035,16764
88192,15406
362488,15443
489534,13569
28100,17338
28751,15867
59588,13769
309445,15971
101456,13725
309254,15150
97623,14060
398932,16674
437479,17450
71274,16943
315054,14810
332639,17841
346555,17069
399186,13034
427693,14723
402138,16389
525408,15053
108630,17873
245062,17673
527774,14096
529802,12682
14298,14733
175831,15005
438950,12576
397764,17677
365575,14649
347643,14290
74144,16124
385819,17323
173054,13089
289085,15089
143332,15856
43297,14210
141116,17071
317573,14901
516352,15444
133942,12748
340187,17961
167027,14961
372093,13379
331492,13137
282748,12743
485675,12658
356820,14546
443482,15426
4898,13402
534696,15525
462073,14547
510280,16479
230901,14936
199074,14878
328329,17841
349273,17340
389927,14096
403765,14298
388878,14535
342111,13104
147656,14403
198827,13555
140884,12909
462331,14499
508562,14096
505733,14606
459821,12726
220541,14963
159152,14532
175052,17811
85437,16951
821,17968
282946,13468
39,12583
239143,17979
289767,15249
238640,14825
420318,12448
391677,14911
133377,13097
288980,17659
384511,16900
265399,14572
375555,16360
362914,13979
227082,12682
106328,13110
354564,12906
401637,14096
469513,14194
334977,13884
25584,14159
281982,13319
175676,15023
95081,13246
320694,15856
359310,16594
454326,14562
380858,13426
526628,13089
187788,15544
481941,14031
173117,17757
287326,13850
239259,18219
224973,17719
18381,13523
358235,12488
377765,13989
294654,14257
417291,15861
89179,14156
229690,12562
68961,15039
459094,15034
218178,12921
460657,17069
95390,13097
73026,12764
447765,15194
340785,13634
369148,14916
478997,12406
212163,16230
12685,17068
475656,12471
480883,13880
175094,17374
3089,18011
306802,12991
477797,17799
170916,14740
424949,14416
234505,17159
505382,14102
52658,14669
537304,15453
531817,16076
310889,12642
10003,13174
25923,17917
277592,17719
357721,16485
408933,14646
428349,14292
378948,14730
253814,18263
3720,14390
304557,15122
67953,17611
402611,15355
256188,16523
516733,13040
409951,17672
419915,17841
504839,15861
261992,14159
222110,17797
114018,14426
538967,14796
409326,18252
294032,17954
539948,17144
213468,15108
504040,17288
309965,14936
276382,15708
139871,15832
321030,13069
177868,12921
7829,15351
91530,14530
294830,18241
312634,14056
354303,13055
415531,17272
281820,18151
298723,17790
490139,17338
217739,14217
257724,17126
302262,16303
303400,15039
28824,15808
247186,13148
405041,16463
150341,14030
242514,13614
238921,15453
136789,16455
409743,13263
162607,18069
358345,16744
147103,17719
18326,12766
98996,13804
390932,17888
367367,18198
406727,16440
467313,14096
388686,13224
490064,16474
309852,17841
395992,12631
312607,14056
196818,15862
188935,15529
363297,16354
250080,13085
507113,16800
286620,16984
289851,13571
233535,17428
428803,16931
508616,14901
383958,18096
285684,16904
254594,15769
369660,13972
402528,14422
337041,16458
367627,13647
517985,17675
245088,17017
442153,13527
399218,16934
172428,15407
73497,16700
383301,16477
83788,13809
455967,13576
505936,18041
521053,18245
133998,13520
149325,16261
388579,17203
463737,18069
67783,15167
406380,13849
155456,13221
136241,14851
144996,15311
168342,13842
364946,16115
247340,17312
350120,13908
189293,14873
393558,14852
390523,17119
88225,15465
121144,17511
50033,14395
241514,17841
313416,15950
210578,14298
80509,17337
135945,13760
147502,14220
286839,12644
361598,14096
346658,12379
409325,18252
334349,15502
451839,17865
79786,16378
309602,14364
243320,15189
411180,14562
361269,16531
358802,14540
291384,14562
321127,15719
33779,15532
131593,13512
276196,13137
119874,16392
74872,13707
362498,18278
170244,16755
376778,16374
421787,17459
361654,15755
270344,12662
247471,17105
158248,14700
427308,17590
198124,13856
170976,14298
340563,17728
226191,14871
233761,14796
292919,17323
237752,17759
421260,17613
401340,14211
335799,12965
194585,14583
255962,12681
285780,14112
505842,16364
516026,12921
143420,17629
398319,15078
498061,12705
433603,17719
11838,16719
444568,15025
32607,16037
88452,17126
185476,13136
409978,17672
190305,15033
130761,12683
197561,18225
301596,14623
141940,14031
250019,16729
526809,16200
117335,18149
93532,14298
384678,17596
70943,16222
212503,16942
426660,14456
482295,15009
436300,12471
286481,16984
285409,17162
249916,14235
174797,13731
487855,16549
28560,15640
473423,17434
366899,12615
341222,13430
1977,12472
510019,13668
5247,12967
224972,17719
423518,16438
283777,17926
368432,14305
336516,17685
380254,15769
234419,15280
52608,14669
458734,14178
152836,14696
209416,14515
156597,17362
480364,14299
399955,13610
170510,16145
381978,17813
36232,14146
299637,14534
74116,14541
239148,17979
175020,16767
345770,15547
537760,15214
121166,17511
429298,15044
446284,14606
202469,18202
42638,14606
412319,16744
323469,15311
122198,12845
123718,15861
200097,17611
402582,17244
340300,13860
388873,14535
57554,15033
121587,14505
334206,12635
74519,12853
144253,17648
28937,14733
368699,18204
519003,15694
331629,12955
488055,13468
395412,12359
243049,16059
406789,16440
6739,14911
534354,17602
101252,14298
124990,12878
405017,14056
490389,17297
403910,16393
436105,15651
501767,14710
52148,13473
409571,15159
187288,12748
477315,12748
221958,16581
459792,14907
8452,12748
484034,15044
106644,15984
106839,14180
464166,14432
198825,13555
264667,17554
332536,13441
433473,16352
409338,18252
25127,16873
325329,14189
269737,13081
58630,13048
106637,15984
136941,18226
61862,15023
43550,13253
103509,13610
488433,13777
338033,17404
237387,16806
451888,17841
309508,13767
171128,14240
406840,16470
277685,16841
270371,12662
352971,15239
296696,15494
288021,16150
49233,14800
498722,15725
233036,14701
86672,17377
509854,14701
173150,14911
39411,15867
424237,14498
45133,15298
367534,16361
315285,18041
456482,12508
409694,14911
477703,13969
375989,14056
402280,12794
12988,17841
312216,16340
157099,12582
5122,17961
416943,13050
207743,15547
485977,16406
395859,18096
197831,15078
68404,16477
308867,13933
108576,17841
8434,17059
164570,15436
286072,14341
369492,13263
246420,17920
467246,14096
187260,17404
136772,12557
168297,17975
234572,12474
257752,17126
212481,16942
225601,16745
380240,14911
276665,13116
346693,14934
458893,14125
499516,15750
454811,17059
224459,16205
223474,16938
185058,16837
371904,14502
314484,14837
378473,14534
191353,18118
429084,17777
182863,14849
508224,14096
134997,16638
140452,17088
91871,14944
499573,17841
342514,13658
54144,17965
324536,16983
399438,18122
242003,13895
127640,17231
443665,17107
350889,14096
277691,16027
54417,13113
81223,14606
108646,15005
172264,14395
133333,13097
516816,14189
69212,13854
517281,12748
517095,13890
327520,15513
335455,17218
39711,17961
133664,14911
274188,15106
84280,16945
457987,17841
486128,14449
416869,13481
448329,12721
102826,13684
57225,16233
312455,15764
255706,12635
237578,14911
519747,12856
182264,15615
252122,17841
378475,14534
386699,14514
83496,16686
311520,16042
503430,18156
494904,14735
224562,17169
287163,14606
12884,13030
509488,17711
72019,17075
186835,14646
188764,15826
502739,17757
440138,16012
21668,17950
437392,17750
510872,16549
485973,16406
100668,17139
184917,12921
12482,16710
14398,15353
118888,12584
208516,16919
301881,17858
338776,15522
406852,16470
371164,13782
534659,15701
74031,15549
28085,14544
143740,18116
445461,12748
259648,17589
426070,13566
477517,18122
93668,18125
433608,15830
334488,13324
286030,14567
89989,15358
127232,17146
367787,16653
377539,17728
122001,13533
503120,17812
167022,14961
132968,16905
403539,16393
45991,15379
304041,14156
207389,14823
422460,14441
3,17850
236100,15804
387272,13373
224223,14911
103148,14472
181033,14667
500687,17243
244930,14561
237847,17799
371296,15579
39558,13564
499424,17323
154275,17180
331232,16076
375576,16360
124607,16626
284666,13388
17098,13599
288236,17656
324668,13772
249820,15078
23274,15061
357257,16128
166072,16185
506114,15721
188613,14291
262130,18121
182268,15615
111766,15290
184492,12749
311146,12523
270823,12560
441894,13772
304110,16633
380930,14449
357109,16240
265054,15301
494143,18283
354435,16910
240458,17372
153545,13089
313535,14194
310028,14523
436917,17634
155139,17873
474961,12748
494328,14096
75003,14229
416257,14096
501152,13437
124609,16626
209080,14842
538447,13521
489721,12705
506015,17346
142179,15018
413511,17111
259051,14367
411778,14329
148400,15530
497913,12784
115047,14662
171597,16904
305827,14565
514722,16910
390552,16029
334892,14250
247164,13148
291102,17267
89246,13381
71663,14049
413859,14607
150370,17001
207534,16686
155964,15039
1084,12868
530078,14547
88808,16928
371372,13558
28666,17890
428250,13607
483587,14159
425777,14546
65968,18223
148945,14903
179885,16007
231261,12951
380107,16350
196377,12524
361534,14096
86466,17358
438743,13081
77244,17580
171489,14077
363256,12455
283835,17491
49502,17555
422500,18283
433189,14505
8408,17059
380067,15416
414544,17081
506253,15022
93227,17865
36264,12705
344743,15099
277909,14796
450138,15153
160721,16399
91397,12455
537791,17315
228018,12877
332962,12637
46722,13093
10086,12748
367773,16653
161293,14623
104361,17027
448094,15573
119404,13263
157261,14796
506533,14597
471289,13449
182790,15311
400855,13871
258207,17444
527230,13230
89802,17231
14074,17511
240329,18044
45810,15719
286025,16133
171029,14298
174491,14739
408614,17238
135585,15039
319479,12477
419859,14102
287556,14076
469697,13435
417635,18045
403354,14156
389325,16791
236969,14998
330406,13249
348795,15039
420957,15993
507318,13266
487520,16379
94545,16393
33239,18116
348904,13448
306307,14745
418493,16056
232383,12837
321631,18241
155331,16348
141753,17735
262124,12528
471964,14534
199836,15555
541209,12518
302642,13189
407945,13078
34403,12551
205567,15622
472027,17841
360722,16383
395225,12876
288489,12841
505208,14093
428850,18055
150553,13078
415152,15068
233126,18260
350813,14096
290259,12626
508019,15804
96276,15321
516282,15444
283728,14911
18069,16713
410556,15814
420187,16415
520941,12970
205590,12937
418775,14085
159921,16746
155685,17841
280945,14534
504395,14954
127261,16558
302342,16470
271504,14401
541220,14051
222070,14573
352679,15351
459947,12517
482807,13536
509394,18118
401879,18179
223062,16633
76578,12731
75810,15415
368933,14409
407541,13089
13039,14409
32138,15727
529782,12682
382762,14592
490242,17338
61744,18118
256638,14016
169858,16965
363266,15827
275852,14800
196503,16782
246825,13285
200157,14514
489755,12705
302375,13159
392715,13520
208232,12594
461528,16571
86972,15796
127330,13081
17869,17341
128545,17613
218197,14527
489440,14506
83538,18118
71243,13168
53570,15602
91298,13880
27300,15361
458953,14527
229625,17463
404236,12611
301804,15271
122906,13971
472808,14527
103634,14036
410113,17125
47193,14702
96954,16014
414783,17220
485153,15533
63556,17097
498827,14277
348765,14446
253811,18263
320169,17677
476896,14796
165230,15805
434188,17841
345245,14462
434832,13271
172053,14800
91097,17530
374899,13881
455213,14096
216416,17015
386600,14801
441580,14936
322033,14420
226075,16712
30006,14606
84459,17859
134920,16777
255839,14388
345247,14462
275541,17625
382649,12523
45695,14258
234576,15998
142438,13137
254157,16743
55928,17848
106662,17449
103687,15235
347761,14146
517532,15862
305190,15311
195315,16987
206513,12494
495327,17034
222672,15098
142406,18230
18269,17676
211302,18135
482693,16762
268100,14583
308032,15547
20550,15271
165564,15655
455711,12473
369210,15321
143558,13269
106679,17449
365714,17841
9162,15023
533498,17091
73654,12468
424725,12895
508666,12451
331331,13700
397548,12783
350518,12550
241159,14583
245624,15584
383361,14911
382479,13892
448330,12721
37587,17358
149890,14924
321581,17799
433197,16971
452205,12532
266933,14606
72889,16496
138835,15521
457087,13230
113865,13089
353102,12409
408751,17651
32456,16525
422612,14004
51011,15326
6641,17787
7937,12567
302367,13159
408569,17354
455107,14096
114847,14936
102074,17735
139503,13316
277959,14692
428547,15752
276142,15506
495630,14032
151938,14504
250488,13109
406288,17043
218155,13571
145007,15311
155604,17058
108119,15719
337213,13854
148897,13712
221416,17841
400176,12526
532813,15023
46079,18283
59634,18179
285275,17173
527916,14096
361981,16145
285175,17841
12251,16919
452391,14968
333665,16362
513780,16115
172287,12524
166950,18283
280813,14305
83434,16686
175449,13883
174807,14948
504700,15555
303855,17706
362945,16181
392998,17346
218095,18221
382936,17231
99075,17706
230897,14936
107020,17048
313760,13159
261556,15795
116233,13871
119886,16392
534536,15471
272081,16149
531426,12442
81833,12754
18383,13523
241361,14104
195535,16570
249880,17469
130945,16713
179584,15704
376160,15228
360018,15150
307390,14224
360861,14387
73041,14440
81180,13047
467095,14096
126148,16096
485196,15426
351419,12520
345624,13566
464366,17450
444988,14911
48053,12501
140546,12731
364661,15750
153512,12928
485713,12795
425610,16923
279383,16942
386151,16595
30414,16919
419799,16418
446882,16717
436763,15998
13007,17841
180605,12948
266,13767
472003,17377
494846,12723
178910,12748
266225,16255
39495,15460
89985,15358
421500,17672
386728,14514
154540,15201
146172,17596
378417,12415
106670,17449
192918,15730
485859,12856
198958,14546
223433,16938
7329,13081
519943,16353
325016,12867
141737,17735
136321,15644
241256,16033
11569,15898
30530,17017
116982,14913
233303,13815
503241,13596
360717,16383
391107,17863
223358,16115
517751,13323
24235,17865
190576,17758
121081,14606
514137,15654
381942,17813
440819,17841
400725,12473
182328,13692
304799,12688
169968,15891
105965,14506
456589,15111
77072,14467
525461,16360
204402,12839
302808,15220
230108,16558
87919,12477
345005,18055
25824,17236
444107,14547
162689,14631
530808,15907
375779,15255
426370,13137
255777,13102
183183,14591
457050,14765
110812,14504
456564,16094
444584,15025
140927,12909
357691,16485
463826,16930
173875,15976
383229,13359
422974,13969
130138,13475
294016,17954
6589,17809
114490,14336
253707,13263
244375,13871
19731,15358
404544,14159
449405,12748
264466,13050
111931,12754
377663,14511
346528,17073
457929,14911
284241,16813
224602,17725
199912,14711
276564,17703
524169,12490
120973,14636
319992,15786
454656,14262
137379,15906
336450,14527
406060,16123
19835,18071
444573,15025
309532,14930
166912,18283
315033,14472
128330,13869
205284,16356
73449,15513
401854,17049
7920,12567
197405,14911
195854,15630
239192,15128
398454,17809
77670,14911
182754,14680
235998,13849
164751,12530
249303,18171
140363,16398
73442,12826
197896,14334
199525,14769
396077,14234
397473,13047
480054,18034
241246,16033
418766,14085
99726,14978
362525,16266
369689,13764
349073,16327
70471,14680
325934,18261
142863,12949
297473,14346
472076,17841
82232,13725
493746,16255
409281,17346
517421,18122
37294,16885
404688,14179
170285,15005
153899,14844
109801,17191
446938,17109
428754,17841
19508,17655
406388,18077
455119,14096
141708,13126
204923,16161
433291,17813
102803,14532
300958,14301
66370,14175
374673,17381
226542,14997
79408,14411
257324,16923
351111,13959
29121,17894
87131,14081
527648,14096
252198,17841
426174,17609
338342,17228
485623,14911
86682,13854
461510,17920
7962,17062
2375,14142
304020,15786
486462,15163
534475,16426
269710,17682
134157,16081
90234,12415
206696,14227
185514,16644
151234,16359
465526,15953
387152,12682
10836,18219
339348,14753
467525,15050
517874,14216
414393,13808
449539,13928
159261,15555
429306,13203
360017,15150
410898,12403
451393,13018
223584,16938
202186,17659
365047,13901
454738,17059
361921,13314
98647,17511
270634,15867
270500,12480
402990,15598
398585,15826
30266,16805
425040,16049
513919,14963
195553,16570
206378,13232
274498,15370
66050,14646
141196,14410
85787,17083
479853,17324
371305,15952
401612,14096
297376,15498
79247,14665
525400,15053
267781,12744
186231,15815
151290,13548
519192,17841
394062,12607
494929,17841
357222,13336
445815,15719
532715,18154
196651,14505
377,15862
8302,18156
520035,14688
371959,14502
260438,15051
153686,14071
113827,13373
396959,17614
308171,17416
413556,14629
18232,15311
275903,16241
453629,15031
526947,13305
294157,13869
203964,14593
86301,17843
266649,12841
159063,14524
443208,12381
119834,17542
125851,14769
385483,16918
415258,13176
67748,16931
289128,15150
239173,14032
3393,13418
66043,14646
462621,17068
236128,12684
218690,13630
239566,16395
287104,16701
246305,16746
304104,16029
319991,15786
74100,14541
12030,17596
118875,15493
366949,14834
56290,14215
403576,17203
396030,14234
228126,16898
48016,12501
7594,13069
376105,13317
511146,13521
42428,18116
381670,13089
463716,13451
489171,17238
14039,18055
169768,17841
193241,15005
342335,15573
378927,14730
520396,16133
170041,13285
361254,16839
449929,14116
328266,17841
275801,16705
258081,16014
347677,14356
398066,15601
187238,12431
132590,16769
498161,17975
32338,16725
458850,17238
336451,14527
328063,14208
126042,14769
401058,13923
404428,16910
284912,12942
410822,12500
426177,17609
423586,17602
327497,14441
59795,13089
152401,12428
115901,15838
73570,14701
11886,15301
276646,13116
389720,14096
196440,15738
255849,17042
383337,14911
330146,15752
142066,13118
511197,13521
506284,13115
118099,15547
66442,14692
524988,12748
102923,15708
473087,14554
227913,12748
193076,12949
105926,12679
207704,15547
107446,12753
298959,14646
772,14849
494367,14096
245841,16498
488981,13924
231519,14162
421056,15993
461931,14487
524405,13126
97680,13694
422965,13969
347638,14290
320934,13089
490087,14251
88773,17255
10187,13652
464776,15572
492437,12955
489055,17073
109078,13694
282140,14898
264700,13491
346200,14769
28139,17338
40229,14646
346245,14769
224564,17795
165321,13097
540261,12748
63286,16904
173126,14911
7534,18055
420634,13435
417021,12398
17747,16016
381162,13422
177362,15218
500598,14966
328562,13210
130365,13576
335256,12748
412105,16007
461407,17838
136098,12474
498392,14591
4208,14449
156746,14154
3370,15601
216383,17015
9097,16402
180662,15039
348236,18180
171457,17893
132459,14256
494627,14096
85406,14562
127487,12867
311811,15059
167590,14562
397878,12856
500918,12748
462998,14911
510205,16678
262548,13667
272156,15260
90350,17348
227895,12748
177038,13081
101705,17472
193390,16266
916,17897
478618,15867
534954,14646
311359,14796
206134,16341
95665,17050
462955,14911
432538,16360
434213,17841
281809,15861
440057,17274
494871,12748
295398,16791
381009,12626
439566,15453
398432,14592
88866,17667
416973,12398
185772,14277
130487,12818
502075,18109
191432,14038
170404,14298
100909,12582
376743,16374
204012,14593
213084,16682
463208,15449
330065,15189
293123,16950
405951,14381
51662,15061
432460,13868
242958,14883
302934,17719
425244,14071
259975,16700
421360,13988
418650,13384
466116,15532
64257,17602
307455,14572
460283,18014
272143,15298
179512,15059
243059,16059
289823,14640
43667,13126
144183,13198
375782,15255
49566,13102
394736,14291
97924,15303
315250,18041
175097,17374
429737,14096
218283,13001
136904,18044
460302,18014
258149,16174
233770,15769
476511,16186
249647,15555
230895,14936
407475,14704
533980,14087
399398,18122
143134,13124
243031,13461
492291,17554
380312,14849
277616,17364
91136,17530
154060,12854
506392,17019
333618,16362
298816,13588
283049,13148
17709,16016
66235,17277
324080,14415
467253,14096
81144,15719
306746,13871
165487,18177
188329,17970
184953,16229
432802,14911
145090,14719
369970,14194
224384,12481
341988,13134
504622,15054
383891,15632
413940,16426
211536,12517
301920,15023
314468,18036
29387,14961
301150,12758
476636,15563
241080,13777
145043,15756
198824,13555
287040,12378
61742,18118
264645,17554
173114,17757
322009,12739
346050,14769
213218,16923
184500,12749
42387,18116
177436,13117
95731,12988
443503,15426
217120,15640
381975,17813
334917,14487
473431,13458
238643,14825
198091,12935
457734,14309
327748,14360
356723,13097
255716,12635
517170,14527
507323,14562
149275,17928
283134,15120
124142,17673
380523,16895
12681,17068
42775,17841
121211,12849
363183,14883
411929,13709
21632,17950
499570,17841
153661,13268
488221,17629
472227,16855
114781,14112
541759,12526
307477,16407
241410,15976
407491,14704
105787,15311
223314,16983
378641,14534
305171,15311
356908,16910
354155,17311
119593,16037
270362,12662
462225,13571
40149,16270
49390,15708
180379,15674
279108,15159
102781,14573
85766,12753
209158,12473
424312,17949
315494,13137
864,17968
185550,16644
214722,16612
259146,16422
475322,16804
424552,17418
424295,14498
331209,16076
444911,15993
385855,16873
415174,15068
328430,16175
311360,14796
443270,13040
410963,16497
328046,14156
355554,14562
68003,13230
168965,13230
497219,15632
534982,12471
38624,14733
321186,15719
206665,14227
301125,12758
537292,15453
475334,18006
310236,16033
199647,14769
511278,16775
500321,12748
304602,17070
472754,16669
118685,18118
200029,17611
499964,15382
514314,12433
541616,14422
488316,16311
126930,15039
149157,16255
202744,16327
57407,14646
135914,15249
458809,14662
2160,17760
386021,15787
115,15311
29098,17894
188892,16871
208130,12540
158075,18079
227987,15005
152832,14696
300816,16370
368435,14305
465936,17793
506196,12839
404722,16730
210635,14298
208441,13571
384666,17596
281736,15861
49781,16549
292103,17400
120676,13451
216493,17015
346847,13562
2401,17069
142886,14852
74458,14146
109298,17581
186787,14646
404937,14639
392721,18287
414025,13704
466259,16161
465470,13755
319442,12477
505360,12906
468559,14715
534074,16393
385358,13755
164523,15436
275928,16241
82738,14194
335147,14432
504840,15861
180599,13492
188647,15251
449218,13437
28241,13408
283500,17841
246793,13450
254318,15356
179870,16007
189778,13623
382409,17651
302119,15752
9770,15502
439841,18022
241570,16242
339139,16081
103469,12431
101271,14298
378174,12748
350588,14096
130231,15061
534310,17490
30748,15392
408650,15664
287072,12378
282185,12453
398027,16081
72088,12474
275256,14209
350929,14096
469257,13614
342838,17602
32539,13093
485369,13430
384530,16900
120923,16152
106810,16678
315607,17841
516696,16145
431712,17419
63014,12451
76508,14426
442108,16676
492489,14547
483787,14710
25210,13798
109233,17001
151861,17550
200677,14049
207170,16889
291210,13047
372525,14096
135645,14410
487767,16549
471833,14626
55836,13694
508856,15298
506278,13115
326844,16444
169762,17841
162787,16628
258131,16014
234961,14408
175611,14199
274467,14849
412348,14698
335431,14057
152838,14696
179434,13642
88043,18159
417003,12398
380557,16895
201193,14903
463817,18069
269929,16401
249763,12989
397532,12783
305486,14741
329996,12637
200230,16592
205766,13015
113544,14730
369396,13089
160000,15265
428198,13607
75840,15415
525997,16904
58415,16206
203858,13317
66486,15311
505090,15555
499836,14132
131517,13341
107361,12873
144949,13263
412896,16794
95989,12707
196209,14442
363050,16713
139672,18108
476181,12562
197913,18055
211371,13437
352996,15201
44317,16600
524950,12748
245562,16045
502913,17841
274293,13089
59083,12626
28465,17231
370347,15834
184849,13098
377639,14936
363375,17609
292913,17323
23172,16265
148194,13731
444692,12357
106325,13110
183103,16791
59212,14135
238971,13709
202655,14606
319314,17675
440259,16782
362643,13555
119547,17799
110907,17107
305695,17001
211204,16729
142238,16609
387791,14911
151211,16889
468840,17086
336190,14307
74213,13280
482324,15009
205521,16609
279533,16019
118918,16005
465314,12490
240370,17593
481844,14903
209540,17472
90252,15122
287160,14606
121899,17716
177402,13001
132094,14527
476536,14704
510586,16549
88212,17450
41735,12585
148474,15910
193442,15123
188096,13451
283698,13178
386802,16921
64635,15529
2226,16274
370287,15411
45479,13089
101083,14189
184990,13418
243200,13078
99995,15858
410797,13917
376649,16242
486494,14606
359196,15429
276705,14019
89337,12621
28084,14544
268367,17213
522357,13558
115072,14662
209449,15039
309953,14543
3247,17855
164913,17454
285847,12749
295089,13113
5056,15093
293828,14415
194965,14060
381417,12757
479694,17841
247399,15952
421931,13004
293206,15640
170843,16187
390783,14175
323573,16745
184928,18272
250767,13082
205294,16356
234869,14460
499283,15910
530785,16979
355943,15311
237604,13300
505924,18041
482143,14664
371622,15906
301020,14658
452823,14234
214096,15298
508724,14961
230805,17426
39901,18176
306968,12968
206049,12633
127354,13081
380259,15769
171097,16814
359766,16746
195655,12481
328669,14911
25539,15570
327856,14715
500274,12748
170561,13078
209558,17472
159851,16713
510268,15152
132962,16905
2348,12947
450005,12395
273385,14298
249845,16782
56670,17744
294968,14626
68224,17673
4741,17228
338655,17365
269937,14911
108016,12415
444063,14547
3469,14388
373175,14815
71456,12609
98389,13077
523090,14546
187816,14000
367302,14680
290281,13709
366851,17870
392507,16161
99799,13993
167034,14961
152179,14286
93557,13178
211662,16529
423954,14218
216580,16550
452002,17841
301903,15023
418089,13028
454536,14456
64577,14779
377917,16684
361134,15492
462185,13426
357133,14529
261492,14409
476410,17095
222092,17797
477670,12704
445170,15870
531873,14293
68136,13742
390129,12772
258971,15265
500400,15872
461791,16983
359946,13670
41232,17593
279374,16266
31701,17033
27317,14290
523370,12719
49341,17114
427188,14653
350550,12550
444001,14502
290120,16180
207406,15897
4461,15061
454620,17461
227091,12682
422058,17545
326174,14156
347951,18017
26550,17618
173973,14307
142132,12523
484147,15988
383426,17841
469175,17659
480452,17904
292865,15058
518831,12553
96344,12766
185437,15521
249264,17581
99764,13089
345944,14769
107193,17770
267095,13705
441939,16942
380539,16895
476797,12847
276338,12431
494279,12748
534308,14085
216445,17015
32639,16670
247849,18102
83039,17105
71815,12472
449974,13867
58992,15673
76686,17314
215832,16825
348905,13448
30269,16805
99199,15605
291296,14713
7527,18055
360873,16407
372941,13635
26140,14684
375445,14291
240336,18044
181209,18172
308733,17585
165070,17463
56920,13385
349654,16928
409169,16474
483617,14159
467130,14096
327208,14680
165998,14759
289881,13985
142467,13137
95507,16931
343008,16189
426923,16049
386824,15193
530753,14121
100671,17139
134050,13743
283177,18127
484303,14950
480235,17286
283139,16147
465241,17652
179122,14911
321761,14907
168444,16442
443817,15427
541555,12985
94112,14371
393841,13464
6996,17841
516106,16265
413157,16905
433280,17813
7222,12725
279307,12584
188942,15529
497906,12921
427738,15547
422688,12626
132840,12540
453864,18210
80613,17848
313926,16670
393477,14911
24210,13448
257593,16283
324934,12851
147688,16713
425393,15513
453486,15916
514569,15060
494975,12723
259595,15577
288293,14132
489796,17659
268417,15152
139391,15353
37402,18077
285432,14947
99056,15397
396912,17614
342500,13658
308795,17160
174539,16942
19176,15713
160051,13871
363035,16713
334829,16523
33090,14621
180150,13911
354316,13055
223640,17422
510303,13999
153948,13458
369357,16101
112021,14817
161648,17338
471263,12890
263901,14156
448952,13975
442707,13365
511516,13078
207410,15897
511131,13521
13069,17884
105713,12683
17797,17722
229503,16843
148800,16209
20307,16065
53223,13102
410843,13588
530702,17346
115553,14291
200073,17611
503497,15747
269863,13081
52248,17450
48144,14298
333208,14312
177169,17423
326558,14177
179637,18149
313206,16722
280369,13458
216034,17091
443233,13634
389357,12607
465597,17566
98109,16573
188802,17238
251962,13089
400507,16542
165630,17530
121185,17511
158725,16728
26419,13959
28299,14085
424521,16764
283598,16062
409445,12474
252926,17404
477094,17397
76734,18245
475260,17835
319784,13726
234607,15998
292083,17220
439994,12577
348334,16369
131592,13512
17783,17722
397385,14796
250221,17049
309279,17703
245165,14911
500958,12748
442270,12838
216069,13089
407526,16826
61574,14688
77635,15240
199614,14769
103445,14606
49767,14755
538039,13860
440197,15311
207691,15925
315242,15555
514364,15712
387723,14719
316238,16126
106056,17027
337556,15673
475852,12753
465126,18082
269735,13081
20248,14479
412755,16686
458258,12856
122322,16216
487678,16712
103107,17516
495232,15640
488563,17528
14075,17511
353364,13089
313934,16670
154113,16729
139614,14810
465862,15993
476587,16161
202073,13590
520224,15547
386540,16332
101131,15121
43561,15373
506615,16347
481934,14031
420682,17974
105631,15676
192352,14952
537474,18109
401609,14096
241185,14583
541238,16558
153651,16558
219726,17360
36201,16558
442587,16445
337050,17865
140856,13571
441474,14971
472544,16657
529671,13694
139803,15981
84443,13534
134564,14586
345293,14562
531840,15194
432151,16830
44447,17511
99838,16940
90162,14849
498185,16609
96546,15146
88891,17667
524295,15358
503240,13596
281803,15861
137254,17315
448777,17841
246052,17123
480746,16426
175710,15023
465642,17811
88294,17282
216679,13050
471183,15571
189226,15907
428095,15444
485597,14911
241330,14298
183097,16791
392720,18287
357435,14911
527734,14096
476557,14704
485146,15533
73709,16767
332491,12449
244509,13988
364041,12656
6508,13013
271849,16464
235317,17841
52164,17450
56859,12490
346034,14769
190805,14016
304957,12415
236091,15804
212376,16593
327390,15856
154263,13078
333466,12433
144166,13198
136946,18226
241583,16242
209305,16813
262569,14400
329980,17422
471746,14286
118152,14502
454971,14096
304280,13655
271798,17677
406401,18077
252246,12830
165751,18177
365248,17950
468292,13455
286400,16984
308332,12471
379323,13709
319243,15866
76821,18145
369460,15565
216960,12757
354496,15398
304698,18178
376500,14506
379350,15048
203958,14593
304800,12688
3313,14135
138020,13777
3645,16244
355217,15555
343879,13599
335212,12748
105783,15311
360962,17674
254211,16929
306752,13871
121916,17716
285550,12534
218767,12748
68018,14224
522476,13471
461322,17041
516815,14189
427862,13822
501770,14710
352984,15239
100018,16208
368773,16779
48078,16191
498271,14591
324037,17997
70463,16757
78899,16011
47133,12957
532788,15023
213074,14891
456523,12748
503763,15351
425138,17837
111499,15039
232853,16717
155914,15005
508766,14321
257329,16923
233440,15825
246821,13285
11708,15039
511310,14723
505105,15555
240737,14911
395660,16121
139061,15373
250192,15549
475193,12748
169910,12840
388284,14451
348027,14236
246312,16746
506658,13263
334060,16899
504396,14954
475919,12567
2128,12921
264427,14461
227426,16241
482624,14525
22440,13969
446208,13599
115059,14662
19512,16717
14253,12567
199979,16249
438347,17221
287558,14076
51600,17406
462034,14547
42746,17841
220167,14911
345851,17802
257610,16880
49479,14761
311684,13728
213476,15108
66378,17094
171751,15210
138068,13263
310899,12994
375486,16186
283636,12716
30021,16899
385290,17509
237554,13458
23420,14082
258870,15856
525503,16360
241905,14646
423861,16648
281408,17870
345551,13566
505229,14093
173166,14911
307829,17059
185597,18118
237337,13268
480773,16426
294147,13869
92566,12494
290118,16180
484691,15850
206224,15104
353247,17581
59126,12388
291593,17841
230028,14849
358870,17131
464993,17538
1405,15165
7882,14813
321189,13458
200569,13479
298479,17248
53547,16791
285774,14112
506299,18096
288884,13975
148597,15005
439537,17203
480765,16426
397569,13213
5078,16150
257720,17126
115150,15529
467262,14096
244853,17841
288134,13384
201999,14191
118386,17611
128647,15998
104308,16187
128627,15998
25427,17251
9966,13174
365016,16332
384142,15719
292860,15058
269211,15860
31507,17511
386974,13767
427190,14217
28289,14085
324615,14691
467545,13089
14209,17735
326955,17309
252292,15334
279004,13588
443527,15426
129312,15457
346145,14769
325214,16241
68744,14796
109131,12541
432514,16360
533071,14911
407902,18210
103033,15951
190712,15813
382760,14592
361984,16145
451884,17841
514695,16910
307365,12518
321420,14298
193343,15570
151698,13632
88876,17667
68288,16983
443698,17768
107908,16571
514265,15060
319389,13183
363682,14412
442530,17289
469801,15556
438114,18081
225713,15719
338062,15529
105340,14620
109079,13694
401772,17049
192111,17841
109629,14670
438624,13081
108325,17416
498687,18130
453896,16003
111601,16225
410353,17571
311283,13534
199256,17176
325684,15365
361402,14096
41729,12585
345920,13334
120621,14735
505100,15555
485152,15533
326402,14159
401238,13015
449331,12748
147741,17042
277213,17040
355778,12546
433002,17428
502098,13069
338168,15529
56117,16395
508474,14096
371093,15774
400533,17377
443370,16033
410291,16705
468972,17564
82086,12567
102961,15708
383862,13806
1122,12662
362812,17656
341027,14606
197325,13887
431716,13461
81624,13488
526353,15097
368944,16268
489623,16979
23742,14256
420156,16029
138465,16011
520091,14085
155328,16348
356513,12705
354150,17311
531894,13078
126668,13934
112933,15834
172384,16554
476641,15563
421585,14646
93,14688
418177,16110
304315,18257
308907,14387
304313,18257
187863,13601
8672,12748
301566,16961
181485,16503
262552,13667
180673,15039
362258,14818
524271,15358
410500,17571
80528,17337
218376,14367
458480,13137
245851,16498
180214,13835
7328,13081
367585,13354
99894,14289
74588,16327
484761,14984
264998,15737
337897,16609
365608,17841
194498,14180
76030,14502
534010,16271
467203,14096
199791,15555
432647,14243
23308,14419
170162,13571
84246,14048
340846,12921
502148,17813
218559,17841
163507,14502
527798,14096
455566,12599
371788,16930
283853,13534
205538,16609
271863,16464
147349,17440
541856,12748
179262,14709
193431,15123
480711,12578
258160,14258
364636,15750
385654,13259
312481,13507
483827,18127
521265,15856
186449,13235
208562,18204
328196,12526
428121,16877
476842,12847
321971,14911
407028,16869
23316,17827
69686,16168
454575,12981
438918,18102
112251,16242
225535,14680
34451,15780
449254,17160
230629,15513
356464,16978
498622,17364
533778,14534
224996,14841
63662,14307
163505,16919
215767,13327
486718,18139
224742,17027
265832,13305
310088,13593
386185,15821
403403,16019
222402,16729
409528,12556
59524,15596
441802,15571
504884,15861
489649,12748
365747,17783
163940,15225
61926,12510
443375,16033
270016,16128
386142,16595
509843,14701
381027,12626
293185,16066
95203,16115
132925,18109
225741,18283
234723,15507
537507,16442
30251,16805
81533,17507
71528,14548
373860,13167
467903,13777
480095,18034
94209,13425
358881,17131
296711,17562
22410,14702
372076,16533
400742,18042
250350,16525
187214,16745
386945,17648
407990,12685
458064,18118
71605,13491
434606,16379
224520,15491
99183,18172
216598,16550
275583,17625
266818,16474
372122,13379
321908,15910
264455,17848
262270,12766
175070,14867
205854,14056
326800,13192
192167,17841
390988,12824
132414,13069
43644,15808
19761,13319
324911,12569
520599,15539
527014,12994
382451,12923
523757,13521
364785,13139
222118,17797
120053,15932
182747,14688
126193,12921
329993,17422
334699,17299
256245,14680
5108,17552
323085,16735
261533,15795
14834,15858
301848,14156
504976,15436
176584,13269
321287,17841
287237,15311
53481,14733
399177,13878
215734,16655
80693,13394
382574,14257
89618,17591
126653,14762
452012,14188
506508,13269
50166,12539
334570,13124
149118,16469
497977,17458
87327,15544
443314,16033
230419,17139
168798,17061
25143,16873
456412,14189
119351,13263
168330,12705
258762,14796
207748,15547
396907,17614
476424,17095
152844,14696
332560,17593
143839,17337
303252,16241
99530,17711
260245,13311
247302,15023
261435,15039
400575,17404
497722,16482
243162,13238
254227,13842
236788,14640
152485,12720
260451,15051
487512,16379
293577,12885
373544,12637
99059,17706
63346,17722
323366,16102
66146,16387
439915,14388
72215,17027
23411,14082
213042,17706
202543,13771
130718,12683
522293,17629
120561,14156
440624,17084
436027,15804
407200,13576
11961,12748
223300,16983
338748,15522
146177,17596
358905,15706
341639,15322
494912,14099
218218,14527
288466,17841
213130,15796
369022,15114
243546,16801
308261,17581
468665,18259
143951,17337
534162,16368
436082,17432
355266,12579
81088,15719
443985,15427
275727,16161
535068,16672
1396,15165
59660,13983
58288,12474
345257,14462
379042,16020
252676,17861
311617,17865
299337,14525
368890,17015
489616,17360
84242,14048
311992,15800
8649,15570
384485,16910
364706,14978
281932,17054
402281,12794
8604,12748
196313,17017
51718,15281
418062,15158
82485,14462
258475,14552
280166,16750
301006,15376
144189,17669
232006,12421
98218,13421
537407,12621
39651,17213
326986,15238
7781,16931
99129,18041
102493,12921
79863,18250
140324,17400
474986,18167
507292,17359
371086,15774
78751,15854
484966,17841
56279,14215
253778,12540
71375,17515
277770,16033
460618,15681
312708,13236
373054,17321
31235,16954
519015,15531
462195,13426
33097,14621
135660,14410
465577,17566
3501,14901
335969,17841
381718,14738
306481,12418
175703,15023
192088,17841
299128,16186
162988,12476
3607,16244
173420,16230
376260,16474
461268,16923
516253,15444
223110,17265
85715,15039
149967,12705
152274,15214
383093,12394
538480,13521
475275,15432
12179,17860
61916,15023
45638,17368
529917,17593
433209,16971
339549,15998
214887,13319
184942,14691
412689,16686
271731,17675
405123,14056
253727,16722
43816,14189
120560,14156
337958,16098
271467,14606
336594,14952
418061,15158
519859,13352
82706,13911
367012,17633
235406,12933
531032,16528
242693,14329
518022,15948
349185,16464
469334,13614
26553,17618
33190,15194
304302,13004
228872,14844
102101,13458
295719,13162
212151,17994
527572,14096
455769,13267
538819,14569
23601,12748
396837,16570
213846,14159
519056,13102
464447,14904
463922,15861
406002,12572
191626,18230
383335,14911
7819,15351
353115,14261
529791,12682
120971,14636
478690,12747
411925,13709
391466,12536
367892,16574
367926,17528
441624,18077
480761,16426
342388,13018
206534,16016
47216,13187
200772,18283
33110,15379
320181,12621
409128,16474
412430,17377
269825,13081
489729,12705
90594,14035
500042,17870
526971,15984
49547,17555
527290,15984
118436,15918
82739,14194
520233,15547
464387,18263
527181,13230
165100,15039
224511,15491
416920,16762
118724,18118
51064,13107
212243,13458
319990,15786
514623,15060
306565,17841
122099,13268
155770,17735
357719,16485
107281,15643
139771,12921
350701,14096
356432,18189
355747,12546
474693,13500
439914,14388
205441,15005
359217,15429
83028,17105
374864,16253
270639,15867
312180,16340
485096,12395
505511,17920
509483,17655
202654,14606
36256,12705
281814,15861
195230,16843
205100,16449
376013,14056
174284,17511
174980,12540
64754,17315
354767,14911
452041,14921
506359,14704
453397,15679
238902,16161
285649,14408
237244,17365
432276,17495
165163,14626
211520,12517
346150,14769
379215,16803
71794,17118
491834,17590
109191,14796
417712,16549
152089,14286
342808,17602
143381,18109
225046,13505
526896,18198
159909,16746
412195,17634
260331,17841
403977,16191
411116,17832
363077,15061
507342,14562
6784,17841
260502,15544
173814,18146
303257,16241
81184,14156
72045,14243
294133,13869
500389,15872
338880,17037
420034,14598
22538,12471
308587,16555
224713,14667
304900,12415
72933,16782
393886,15555
382725,14592
23178,16265
474762,13924
188264,12757
203909,13263
225362,17841
104137,14227
415244,13176
70932,16222
497513,12748
375620,16360
518871,12562
330760,13305
47143,14426
232470,17444
197542,18225
528087,14096
416953,12398
421882,14971
100854,16719
232909,15921
315027,14472
371948,14502
260526,15251
283554,16729
327768,14360
494610,14096
340322,12756
8684,12748
75929,16816
44353,13715
178814,14056
425383,15513
476956,12539
379850,18033
537670,17841
466284,16504
269232,13764
321006,16722
356966,14014
233193,14808
84398,17841
385895,16809
475532,14911
250292,14051
58634,13634
88642,17472
422421,13735
281142,14331
523057,14546
471850,17198
341646,15322
302921,17097
27977,15854
464187,14432
338338,17228
476161,15529
271450,12757
302200,17315
467017,14096
205362,15189
486849,16242
493721,16255
351153,17758
359938,13435
264653,17554
340474,18001
215865,12380
215995,16422
434159,16558
75738,16770
409244,14646
399615,16533
186152,16712
504691,17231
429766,14096
237853,17799
479354,13471
489305,14657
159777,14978
404956,12360
483808,18127
250135,12428
477740,15399
242002,13895
425609,16923
257556,17841
195760,16647
359721,17107
298500,17248
424326,13694
365353,12748
439898,14388
335100,16796
334762,17864
179133,14911
250469,17511
163670,13263
313319,14050
466063,14667
206537,16016
385320,17509
122523,14422
451883,17841
171668,15311
378510,15628
417695,16549
231902,16880
222994,13232
464920,14684
163736,13735
434053,12748
224795,14606
357540,15762
358908,15706
475367,14911
343953,15382
63060,12451
84140,12359
336694,17139
222972,14984
384734,16558
531337,17705
499778,17302
328918,13186
478750,14456
466288,16504
177569,14944
254555,13208
343977,15382
347992,17147
365172,12352
467845,14911
25585,14159
397609,17771
328664,14911
195127,13263
482268,18118
203643,16705
205128,16873
237119,13319
311455,14299
1198,17905
178311,17364
190778,12674
372571,14096
229135,14735
98970,14156
139464,14180
541830,17581
375347,13895
229137,14735
454354,12682
9270,15426
214307,15462
110949,17107
312221,16340
113319,12758
403523,13362
267140,13821
489373,17360
537438,12621
169591,17954
340230,12895
495038,17841
301276,17655
32270,12577
386072,16595
101189,17117
473394,12748
76474,12720
302521,14057
139640,13047
223225,16007
375279,17675
361767,13035
17208,13983
233261,13815
218883,18229
244273,17837
531172,13507
90576,16700
205945,17865
14326,14176
316176,12708
175757,15841
384045,13798
465795,15993
362761,14456
312596,14056
504592,15054
174775,16258
95422,13097
101320,16838
534070,16393
113915,16712
102752,15078
205502,16609
66353,14088
523066,14546
143265,15356
409516,12556
402134,16389
200042,17611
430139,14911
487990,17100
429536,16127
517587,18077
494119,18283
401988,16729
292895,12877
466943,14096
166390,13263
451558,18109
81561,13208
245715,12626
302168,15002
362439,17511
9368,15867
148834,14465
533173,14141
132952,16905
303871,15786
214639,14215
526006,16904
271975,17962
323670,16706
417480,17193
10217,16858
469771,12474
26070,13668
144431,16224
298692,16928
236270,15750
165255,16558
344683,16924
289298,17514
192413,12714
45418,18226
230046,14849
494272,12748
87077,14081
261566,15752
296427,17442
245926,16317
354254,17603
244607,15005
12300,17259
292811,14156
522953,16033
311477,14299
383541,14844
194709,14527
169617,14606
479135,13269
258385,13767
117325,12748
506854,13196
114435,16495
8201,13506
336164,14307
312632,14056
85663,13319
438098,14428
160496,18116
176698,12451
254150,16743
189578,14194
237840,17799
253044,13418
287966,16523
7617,13069
367053,16059
180016,15518
224238,14911
327197,15974
338544,17092
443625,17107
347820,14146
238649,14584
140766,16801
407289,14273
472355,16916
296758,14030
271173,15529
425534,14810
26006,17085
282693,14973
52106,15867
159897,17284
211071,13334
29321,15356
175303,14911
78906,16011
142465,13137
390113,16136
354306,13055
363006,16713
9234,15426
259823,13013
168550,14606
382508,13549
376483,14506
315115,15325
6743,14911
436670,16678
408739,17651
127383,13081
366754,18192
409117,14527
81640,13694
266710,17863
400935,15012
531136,15311
334290,17377
534370,17602
456351,16126
458558,14446
386778,16921
483866,17561
199004,16931
152530,12982
173945,14245
478873,15983
413966,16426
432476,13868
50761,16350
324978,12851
295425,14646
19492,16011
516050,18179
181341,13458
8375,17059
358627,14367
277506,17841
144582,17419
210681,16484
415090,16728
83373,13334
76018,17463
54368,17841
465412,15033
184875,17634
146037,12744
348176,13089
508965,17772
446074,16362
146341,14546
238834,13969
155724,15570
230715,17426
345836,17802
378536,12451
133875,12921
44525,16033
59140,13155
353538,13804
376617,16242
365594,17841
231756,16701
171909,16370
19867,17377
538980,14796
114571,17049
267740,12744
293191,15640
147786,16378
28163,17799
465234,17652
464735,13694
495624,17434
236680,15601
159469,13089
309832,17841
340744,17841
456681,14713
52327,17742
186436,13235
272037,17511
477467,18122
252462,15159
120838,13121
180516,16756
64974,15498
66785,17799
211621,14221
329899,14911
305056,13113
276093,16407
442835,14963
488370,14297
330167,14156
394833,13777
468774,14666
17375,16081
276981,14948
487552,18139
28054,14544
442767,15078
193930,12415
454230,17340
115062,14662
247081,16931
170207,16919
421282,15791
231975,12724
423784,13632
298972,14646
280288,17068
7414,15545
19240,16722
59671,13983
246647,17338
500146,17348
389430,12607
56216,12471
498039,16892
277137,12540
182956,12684
404749,16730
511332,14723
34153,14723
53451,14733
27393,12747
462994,14911
513575,17835
467301,14096
9733,12720
139458,14180
29735,12370
441873,13772
524045,13736
371719,15701
212053,17231
91531,14530
331659,13871
360649,14931
100558,17139
33841,14180
465957,17793
51044,14229
209508,14315
313193,12583
423068,12709
527282,15984
253872,13291
154228,15932
216670,13050
320594,12381
181043,14667
166979,12622
96431,15065
204243,17770
520499,17611
363766,15301
478789,14456
406917,17841
136246,12971
17739,16016
124560,15483
225710,15719
196675,14505
227360,17511
467393,14096
71681,14049
81073,14085
166062,14577
101006,17865
156935,14105
471156,14217
182584,14766
336232,15980
403072,15505
363265,15827
23317,17827
382819,13993
478459,15811
17232,14796
331714,15618
406443,12748
39328,14051
423877,14359
505869,14911
285829,12749
526651,13089
174858,12836
399867,15113
535284,15298
252988,17389
241285,16033
384215,15005
53221,13102
196277,17346
475143,12748
521178,17686
508721,14961
220015,13265
126198,12921
343034,17428
273579,14298
3662,16244
377840,12700
378506,15628
531476,17841
316001,17346
380800,12910
71696,14049
17230,13842
309678,14404
63135,17419
311969,15800
17241,14796
459230,15557
373067,17321
495106,17841
74596,16327
177281,14796
213011,17690
160530,18116
397887,13995
345323,15947
26776,13198
384263,13587
459090,15034
361923,13314
304902,12415
135049,15426
286749,12633
11500,12708
212315,16701
206291,14735
207301,17152
102279,13753
396928,17614
354352,16910
441022,14056
460405,17071
398495,14595
402301,17612
369748,13764
336518,17685
86677,17377
85563,13050
171286,17160
469168,17659
303877,15786
382441,12923
536862,13924
477492,18122
489010,13268
267644,14159
157302,12769
196512,15854
180195,17410
434471,15743
499808,13985
304834,12688
95551,16931
118179,14502
377683,12720
30480,17841
181158,13798
68360,13798
20603,15288
228199,12415
213694,13610
285630,14408
153730,17160
368047,17220
104036,15039
526102,12628
381026,12626
541594,17754
271199,15529
530013,16015
139630,14810
258321,12681
144437,14688
306037,15125
79270,17863
249975,14606
158233,14700
400138,14262
21647,17950
378765,16040
290697,13969
359629,17107
239146,17979
386427,17790
288604,12748
421837,14971
167129,13983
94721,16726
376648,16242
513968,16361
31651,14527
52749,15518
77685,14911
537412,12621
158483,14056
334113,15159
390107,16136
149107,16745
488390,18139
390226,14857
62701,17576
293690,17716
136762,17917
37436,16684
135589,15039
71881,14911
191008,16496
336483,17685
445940,14387
186690,12625
155612,17058
464856,14684
447113,14360
238663,12748
280700,17841
191236,16729
343912,15382
174401,15527
179866,16007
503319,17236
527810,14096
241476,17841
349920,12583
498217,16609
213302,15722
246524,17505
513969,16361
479921,12391
305401,16767
482197,17387
244378,13871
393002,17346
238680,15023
485672,12658
436577,16221
114613,14013
36308,15570
237556,13458
130549,14461
517826,15904
320068,17777
74346,17180
459901,12517
242856,16200
533605,15568
424301,14498
249662,15555
369708,13764
18225,15311
534660,15701
472886,13285
29074,14667
98345,18196
59369,17690
144169,13198
224074,13517
507298,17359
478669,13313
237138,15130
207261,17613
14508,14135
19941,16782
198752,12916
345954,14769
204525,15203
72305,17786
165297,17511
143214,13124
359024,16931
377402,15276
92510,12431
197706,13178
335616,14456
517368,18122
478852,16558
78577,15311
263220,12653
391875,13208
320856,13089
331029,13468
125661,16444
175173,12569
383482,17975
347888,14961
270628,15867
338082,15529
155351,15147
105550,12428
507317,13266
299745,14696
116132,14713
284669,13388
445487,12748
262264,12766
354438,16161
72219,17027
27282,12540
23170,16265
266513,13340
166293,12354
283611,12921
283277,12709
522760,12748
199278,14837
104182,16667
185779,14277
531096,14606
246303,16746
451213,17611
160658,18009
353171,15950
67765,15167
350340,14060
230155,15555
469509,14194
421935,18211
28576,13269
360407,17841
319857,18225
456996,14911
436905,17634
523992,13736
488237,17432
486946,17010
517893,15373
339188,16081
428964,12347
324629,14691
364751,13139
196328,12620
106278,14156
134923,16777
167681,13408
113803,13373
385316,17509
118131,14502
482160,17387
386645,14801
197945,15601
71966,14978
354152,17311
279328,13379
363339,17576
85773,17083
155693,17841
48782,17284
33238,18116
109826,15358
495683,14189
485374,13430
59561,15311
378611,12451
301342,18143
320806,13588
233342,16713
516125,15544
110139,15465
177709,17516
285126,14456
298132,17686
517296,13599
513858,15024
235395,12933
252900,15581
467000,14096
116366,16743
5254,12686
174936,14336
54241,13488
477678,13969
209498,14800
313522,14194
508344,14096
455613,15184
107228,15622
242156,15065
19441,16252
139241,16657
417583,16401
230098,15669
370246,15185
205947,17865
327877,17068
130743,16859
314648,17920
306193,17750
321392,14298
301580,13078
262572,14400
493133,12748
476113,15529
331957,16558
52612,14669
476989,12449
348129,14911
506660,13263
540082,17526
490147,17338
144335,14711
429929,14096
224989,14841
377708,12481
224555,15625
7680,14800
193415,15123
201569,15734
438857,12397
357709,16485
280908,15624
8960,16393
412860,18005
268332,16717
288470,17841
246045,17123
199532,14769
208120,12540
333717,14895
439234,12944
527048,13790
9425,12472
393870,13464
455671,16904
414249,15628
59091,12626
385230,13763
59159,15696
275037,14852
366566,18235
360083,13429
123899,14110
417966,17596
353170,15950
361335,14096
380500,15838
155296,17091
126471,15408
353160,12678
331355,13700
514065,14005
448719,17841
464946,15039
490209,17338
150307,14030
181384,13141
435966,17595
242700,14329
391261,16362
331370,13700
3514,18041
504550,18112
236997,13881
70776,12744
298506,17248
389400,12607
297524,12749
525514,16360
295268,17841
439505,17203
305925,17720
451833,17865
82450,13113
152082,14286
472963,16085
340088,13263
468405,17974
77490,15058
291541,18079
283739,15776
283555,16729
265217,15004
376039,14056
156735,14154
65049,15498
396839,16570
420364,12748
98098,16573
434983,12490
224580,17795
53457,14733
154939,12359
126377,17211
366970,17427
63127,17419
341060,17716
394889,17509
537966,17673
424532,16764
80187,16771
466899,14096
175837,15005
471153,14217
350724,14096
264000,14857
67763,15167
343935,15382
12034,17596
458599,12598
4224,14449
222302,12409
419683,17712
378818,14730
409457,12474
375931,16440
277636,17364
505331,15511
121766,12955
383030,16839
297956,13488
418757,14482
14960,12347
232032,13047
137096,17719
225423,13742
188300,15249
473214,16204
367701,15050
476981,14282
432963,15847
232981,15747
67529,17714
340277,13588
314799,14141
307282,17428
307204,15701
428786,16931
216211,14525
233147,14808
18185,12748
399869,15113
487831,16549
476183,12562
204310,12779
118657,14395
366917,14868
436557,16221
520701,13780
134143,16618
516521,14389
507950,12748
368465,14305
205357,15189
492391,16185
55229,14514
439312,18122
454924,14096
346508,17073
504394,14954
503992,16024
418390,13871
4162,17976
20427,18041
128840,13694
58866,17609
175066,16422
517473,14367
332458,12535
452660,14482
109587,15681
119072,13319
443027,17608
138062,13263
305444,13668
191196,16642
349114,16327
127183,14606
488457,15845
392522,17489
75957,17463
67627,16085
165744,16133
241409,15976
344490,15505
483268,15906
267497,14911
383197,12477
244335,14267
69211,13854
276004,17265
342224,15005
535085,13756
378334,15730
133674,14911
52426,15194
463085,16726
523056,14546
397290,14606
530226,14418
433485,17965
97780,14895
533692,18219
205428,16838
432596,16360
221583,17576
337313,17071
95612,17050
406705,12472
372092,13379
472094,17841
406649,12472
360467,15358
162104,14692
159378,13474
76524,14426
173019,13089
500584,16161
397419,14796
112088,17841
408734,17651
515905,12714
456187,13148
442898,16372
384729,16558
38439,14113
347510,12752
304682,14911
6983,17841
443739,17768
416432,14096
357584,15475
537833,14698
425985,14159
48639,15601
354083,12936
252650,17861
138554,16980
204940,16161
191096,16705
477370,12748
300989,15376
310686,13425
408495,14261
118428,15918
289618,12689
333585,15652
99213,15373
485223,15426
236431,17585
374863,16253
455540,12844
174342,15719
458534,15024
507023,16800
161792,16729
119103,15061
458578,14446
414602,14139
132836,12540
400077,16987
218812,15974
216042,13643
99721,14978
155060,13122
287540,14076
63381,12681
84881,16553
140574,18041
333236,12748
520556,17221
301901,15023
440620,17084
154482,18231
103309,15547
428587,15752
108077,14573
49874,17757
74540,12726
185626,15521
427481,15054
206493,15311
417431,15615
78408,15203
152371,15737
343044,17428
133824,17139
480853,17301
279403,16942
142912,16928
445137,13097
499101,17247
48898,12480
247206,13148
422669,17652
338511,18044
454488,14456
332693,12477
286686,12449
534264,14204
393936,17528
492530,17511
391737,12836
412824,13598
350801,14096
3665,16244
207611,14606
271761,17675
196493,15599
428186,13607
332546,17593
417824,13309
349094,16327
353427,17920
519892,16440
252527,13985
118706,18118
434842,13271
93342,16745
87991,15311
473052,14554
353711,14659
503865,16923
142436,13137
376431,14506
301914,15023
149361,16261
203920,13263
190998,14211
43464,14732
119237,15493
103118,17516
147703,16713
3252,17855
417650,18045
354253,17603
377810,12700
69762,15052
499338,17727
347301,15594
418973,15482
403147,17317
479802,16945
310660,17719
475082,18041
368467,12728
380289,14626
235098,15159
389689,14096
352985,15239
328593,16767
464272,17404
72337,16124
71009,16222
367779,16653
118550,15125
285146,15819
433494,17965
152445,14311
116639,17841
19009,15581
398077,15601
353439,17920
422380,17173
137998,15628
302679,17637
142527,13137
541796,12713
446538,17302
223419,16938
131963,16904
134611,17625
410036,12683
145888,13013
86968,15796
310336,12567
111439,13344
85494,14415
266947,15467
474946,12748
425279,16987
367641,13647
123841,14911
247238,16918
345917,13334
109016,13715
298371,13198
122048,13623
433647,17663
300789,16370
207780,17682
54222,12712
466917,14096
192093,17841
132536,12748
231196,14491
159154,14532
503048,18145
211934,14088
445065,17164
17710,16016
365413,14911
163753,13735
137347,14871
140331,17400
444041,15513
303155,17975
323167,15860
14831,15858
414251,16742
130492,12818
486129,14449
141734,17735
296693,15494
64462,12637
215151,14623
54461,14587
9303,12647
292295,17092
213160,12468
6790,17819
388208,17841
513956,14893
298255,17284
82939,16525
529909,13709
252528,13985
181297,17723
85520,14415
213607,12681
11696,15039
331726,16031
41602,15235
203588,15093
309266,15150
245942,14911
449921,14116
513431,14156
342722,14367
347481,12752
44502,16033
176852,14393
84701,17787
144671,14711
399235,16934
388889,14535
215299,17673
426509,17213
401793,17049
493268,12748
239432,15850
194942,13258
276769,17696
96593,15146
76105,13869
365120,13842
227078,12682
334682,18255
31177,14150
411463,17463
446214,14623
340708,15933
350730,14096
382392,17651
342137,17214
103413,12748
602,17920
111414,13344
342849,15466
309850,17841
479366,12451
105380,14740
243453,13263
505608,13081
242527,13614
172185,13301
326457,14159
362577,13555
273748,16607
428012,18067
425722,17372
448034,14140
31698,17033
298133,17686
368028,17373
164617,15436
513582,17835
365006,16332
246790,13450
365042,16332
518903,14911
255864,14264
102278,13753
221386,17841
282712,18102
339104,12822
471775,14286
122005,13533
336652,12884
291629,13908
337782,13319
59042,12872
216747,14375
115917,15838
185069,16837
92148,13001
461303,17838
377603,14936
5483,17967
100560,17139
191392,14038
480532,15933
218819,15974
280217,13730
157234,14796
346916,14159
474805,15967
134476,15045
507123,16800
250085,15806
432953,14562
437054,15521
183044,17841
335730,12965
199539,14769
150528,17054
321090,17653
413988,16491
513853,13647
354403,16910
77402,16779
294887,17302
156104,13772
34396,17404
501138,17389
497597,16271
131621,13089
419401,15516
196132,17526
193926,12415
503068,18145
291712,15719
336549,15253
317565,12748
460300,18014
256046,18121
413504,17111
177337,16353
409792,16284
142435,13137
452648,14482
525940,16910
457096,13230
240487,13767
112898,15834
266298,14659
333444,12433
451237,16759
123836,14911
59850,13859
156757,14154
59849,13859
504994,15436
325402,14852
230251,17841
219528,13115
531982,17861
295409,15581
469851,17357
58871,17609
468812,14640
237279,12720
401127,14911
181252,16477
413520,14504
519820,12465
169585,17954
452114,15392
30545,14051
244897,17841
142542,13137
494217,12748
353522,17027
310455,15755
131905,17059
495386,14088
255455,18072
408965,14646
144250,17648
265148,15004
267583,16511
381494,12757
367411,17528
158252,14700
291502,15194
333315,14961
110212,16923
165500,16676
284511,16255
562,17920
413108,17841
159569,16639
464065,14382
237817,17799
126782,15615
355517,16715
404898,14639
186990,15974
123753,15861
217912,16955
74340,17180
462705,17841
371977,14502
430019,15033
223423,16938
440178,15291
437364,14723
354524,15640
407804,15006
172068,14800
380360,13078
481151,16279
217014,16841
105,14688
412047,12572
171064,16637
486950,15115
397173,14856
277066,17579
194807,13659
457736,14309
117352,13654
250272,14262
222034,16767
201240,14903
308840,15033
237624,16940
168793,15581
413872,15277
66771,17799
90280,17612
494949,12748
198992,14546
77483,13506
469378,15720
483302,14052
530895,15907
44488,12681
536923,12558
321775,14907
253775,17651
448335,12721
708,18085
56235,13246
475066,17602
187024,13282
120012,12779
310042,13481
52285,15640
482236,18118
510886,16549
293600,15502
413732,15436
55408,13089
297488,14346
218889,18229
232224,15700
299380,15544
79827,13894
369493,13263
148540,15719
510339,14121
469014,17220
411726,15051
379381,18223
369528,13263
158859,15172
231963,16326
289207,16348
184965,13418
537564,16442
5023,14395
58825,17064
316286,13709
486713,18139
194755,14407
360625,15218
422432,13735
481138,16279
9015,14161
381228,15264
149219,17735
440514,15707
484868,17758
55407,13089
125865,14769
356437,18189
165112,15039
266629,14044
537956,14138
2322,13777
464956,17377
490335,13488
248953,17841
120801,13121
276191,15506
29286,15356
462374,14499
132854,12540
257922,17758
134067,12668
22459,13969
406236,14911
408955,14646
517668,16813
73050,14911
79861,18250
410821,12500
312399,15764
230573,16172
102932,15708
216345,12584
259031,12717
233460,12432
232353,15535
144071,14023
217059,12748
492116,16376
364569,14606
440317,16887
295691,16775
358792,14540
130543,14461
241568,16242
252644,17861
289917,15005
96106,14796
774,14849
44480,12681
262046,16779
363316,16354
49077,13162
186692,12625
170038,13285
228141,16898
421121,15993
359787,16746
128783,15719
463747,18069
220542,14963
200302,13339
185323,15615
377635,14936
160119,16746
183038,17841
58894,17609
170123,13637
90918,14156
274520,16224
148524,15719
240065,14837
286363,16984
488181,13458
5029,14395
153652,16558
340985,15841
238675,15023
432038,14419
454876,18125
346090,14769
332831,15039
119617,17675
472419,13558
180446,17231
448324,12721
259069,17966
486779,15159
18218,15311
182205,17218
220686,17372
321487,14298
426631,14456
391746,12836
500872,12438
132643,15835
452334,13209
208152,12682
349269,17340
438228,13467
357364,14944
382526,17139
499164,14805
64563,17418
165265,16558
432414,17243
287958,13756
235964,12947
58656,13634
103110,17516
427584,15376
47285,12947
476218,14515
310906,16422
158392,17367
337262,17719
391160,14710
135063,15426
310344,12567
352891,16379
171450,15632
354462,16161
394925,17509
371777,16930
88672,17472
64755,17315
522332,13838
432355,14485
173862,15976
23288,12731
132229,13736
95737,12988
422313,13488
130305,17019
236594,17669
279468,14414
111469,15039
229701,14755
327588,14796
465748,14418
432571,16360
382417,17651
507375,17237
340111,13263
517297,13599
97931,15303
397717,14060
216028,17091
286096,14709
238096,13881
445473,12748
484727,14547
5131,17961
137342,14871
180079,14606
434143,17754
431598,13982
92416,14107
412897,16794
31392,17230
52664,14669
338744,15522
479690,17841
384562,12885
510077,14719
482736,14502
223048,16466
342683,14367
190916,13319
483023,16464
290502,15046
69222,13396
134533,14472
176835,13969
462510,17287
479061,14508
327302,16712
146406,14535
354074,16813
74489,13330
63616,14180
487894,18139
125887,14769
301368,13799
407622,12757
156848,12662
332556,17593
152916,17611
146102,16919
133979,17368
364619,15750
422716,15144
313303,14050
413847,14607
7392,15545
345258,14462
374716,15111
192448,12463
86786,18230
327938,16400
479451,18210
480103,15530
481888,17063
136213,16814
442375,13532
491584,14505
172203,16401
81102,15719
281688,12853
223998,13761
31462,15384
268274,12731
109554,15311
411557,16558
144831,12744
499372,17727
39917,15208
242113,15065
377406,15276
511489,17097
106012,15319
402296,17612
47071,13081
355143,12437
146404,14535
166568,17109
521302,17238
365602,17841
297937,14911
202082,13590
100935,17364
444428,13523
138890,13999
373514,12637
305314,14132
354455,16161
42399,18116
513285,14653
30463,17841
275246,15005
503820,16923
249274,12619
444236,14502
384794,17509
332747,13823
538370,13521
4618,15574
492465,14493
489498,13569
143862,17337
528067,14096
44571,14739
285505,17053
519543,12364
59209,14135
218034,16626
331686,17634
140749,16801
214791,14732
451870,17841
75791,13148
131864,17059
519177,17841
47848,12829
32452,17189
215875,12380
136284,15644
451532,16751
417672,16549
293460,12865
99727,14978
415043,16728
418521,16056
236597,13089
10049,13174
409561,12556
403272,17730
407900,18210
329703,14530
257122,14534
66271,14088
493481,14049
369127,13575
460598,15311
77166,12668
443113,12638
500728,13149
349781,12390
30205,17372
513815,16657
341614,15322
88496,16434
338502,18044
271454,12757
312469,13507
534987,12471
177695,16458
137343,14871
357382,15807
518081,14766
285745,13167
14997,16293
514557,12682
323195,18027
391595,12536
383443,12684
493504,14049
536839,13924
528029,14096
443182,14553
499121,13719
4236,14449
213735,12662
506069,15721
271596,17841
299656,15192
498847,14277
413114,17841
327304,16712
245940,13492
119436,17841
283654,12716
324647,13772
411283,15358
255693,12635
58800,16843
73522,14709
364552,13018
519303,14895
85423,16951
310151,17735
51052,13107
522616,17858
306869,14911
151501,14450
401081,16412
121457,15671
43412,13680
388028,16954
503449,18156
330906,12685
2374,18229
174469,17974
77686,14911
291236,12931
113362,13975
495505,14088
506648,13263
255497,13408
64897,13008
530583,17744
540165,14606
107413,17738
326512,14159
253961,18073
427856,13822
510000,13668
39004,16873
505600,13081
456303,17389
303173,17511
219545,13115
395667,16121
263944,17259
412687,16686
197610,17416
163852,13101
168207,13209
69750,13117
8727,15880
384361,15815
399409,18122
321758,14907
224482,12714
209306,16813
393108,16241
383132,12420
68036,14224
290671,18172
479940,12391
205588,12937
207749,15547
429937,14096
257401,15756
126604,14223
298849,17811
18079,16713
438488,16016
186165,16712
42835,15039
476546,14704
390464,12371
423746,12678
291314,14713
421762,17459
387466,14665
5125,17961
213129,15796
355573,14562
195299,13552
110921,17107
472457,16717
291982,13200
411418,15311
226522,17179
304912,12415
428810,18055
309871,16814
206670,14227
205010,12613
475596,18225
416905,16762
479341,13471
482315,15009
153412,16186
310454,15755
423450,18035
135571,15039
270137,17419
130420,17507
223016,12516
194838,16814
230780,17426
527870,14096
393971,15144
401266,13015
464763,15572
465144,18117
156539,12637
519012,15531
436349,14098
142176,15018
358604,14367
534682,15525
239536,14766
177613,13365
304551,15122
143264,15356
17467,16893
171434,15632
449008,15406
486533,17625
372019,14502
192515,17519
394061,12607
34489,12471
128677,15998
244708,17706
302052,14006
346203,14769
538998,14796
154473,18231
281393,15261
426648,14456
506011,17346
298294,12993
337873,16609
315172,16168
360926,13233
218823,15974
331678,17634
454764,17059
268178,14808
457790,12589
371855,15547
371695,16283
21689,17456
70332,15311
142142,13694
61904,15023
393152,16203
123839,14911
205546,17550
424153,15028
403326,14015
108669,15005
503154,13596
84111,12359
446226,14623
476264,16298
371771,15701
404523,14159
415066,16728
140723,14890
509134,14419
321471,14298
499391,15514
311441,16723
425086,16049
17358,17706
436722,14849
412441,17377
360684,13867
83361,13334
540108,13077
428269,12581
425742,17372
238647,14584
346536,17073
37632,14911
289751,15249
489163,17238
153517,12928
100979,14231
473239,16999
140963,17841
86823,15570
193160,17515
291510,18079
288024,16150
323835,17091
189144,15382
384525,16900
225341,17841
361801,14321
282847,12743
346747,16460
488115,14030
274411,17175
304113,16633
418608,15630
177410,13001
261300,17576
349979,18228
220299,15407
361855,12971
142933,15605
378257,16140
466302,16504
300700,16466
166108,14711
138040,13263
338431,14646
424149,12432
358329,16744
119774,14911
100973,17364
509744,13137
218221,12808
121869,14713
315510,13137
6520,13013
403454,17073
94464,14057
407228,14698
232513,17444
302497,16713
725,13758
403893,16393
392812,17913
8536,16327
192912,18043
3753,14491
462801,17218
186940,14421
393146,16203
486350,17811
254144,16743
118572,15125
203735,13102
346495,16370
231230,14085
363735,17017
367550,16361
233031,13343
532897,17883
385686,13558
99879,16940
215432,12609
91758,14180
444791,12357
479620,17760
513144,12957
229292,16571
488609,16353
137390,15906
224145,12567
88475,17126
117127,12520
87284,15114
323473,16210
8293,18156
1203,17905
181064,17634
209116,14842
31458,15384
259876,14688
275336,15815
417392,16708
87342,14796
311400,14796
393307,17841
74709,15547
48972,13593
328618,17481
270920,16764
354092,12936
376682,17957
96830,17338
255800,13013
392693,17064
121779,12924
477769,14362
443949,15427
395601,16121
386108,16595
243025,14383
215890,18226
442209,13727
334083,14258
203541,17841
292015,12517
223150,16007
5281,13370
20364,16520
201745,16086
254497,17611
400178,12526
224620,15845
188700,16618
6547,13013
503590,15443
434942,14088
81573,13208
530929,13755
328689,14911
214645,16298
390822,14175
539941,17144
336211,14307
310480,15005
43418,13680
458564,14446
73784,14738
55433,13089
358744,14194
360596,13927
371040,16693
348186,12620
286114,16172
319263,15866
28889,15159
403321,14897
49124,13183
406912,14107
402313,17612
17113,13599
418716,14341
165915,15034
295125,13097
397491,13047
113323,12758
195600,17047
346061,14769
304723,12688
439561,15453
520690,13780
45884,17634
438783,13178
350058,16076
124779,14315
174116,14298
133189,15529
152620,14911
525460,16360
420153,17706
71548,12782
531369,16143
185300,14573
59074,12626
168583,13668
32321,16725
531007,17290
402213,15033
120009,12779
86243,12462
320852,13089
467048,14096
376471,14506
125204,15465
121338,12502
441705,17769
271957,17962
408952,14646
445096,13078
238599,15530
349157,16777
360323,16603
198628,17867
207866,16814
458984,16386
469068,16600
120526,15150
25566,14159
28024,15555
523118,16931
396835,16570
420867,16915
106730,15416
308425,16652
81203,14156
127698,16427
46922,13081
301198,13089
198344,16187
424976,16049
391806,13969
298545,14639
74889,12735
155464,13221
292825,14156
442628,16445
486486,14606
91137,17530
162722,14502
388802,14529
442042,15407
334076,15605
366527,16909
501080,16764
114688,15071
473109,14554
489701,17371
231686,13089
290073,17511
495463,14088
87648,12897
238767,18283
416888,12928
277329,16013
269775,13081
194162,17702
296503,15311
476111,15529
7257,16725
175556,15356
165246,16558
89368,17659
106788,13497
365741,13061
494701,14096
391561,12536
83282,13334
86200,16143
229001,12484
418837,13263
336033,14030
162690,14631
32745,13468
349659,16928
389908,14096
150324,14030
357378,15807
381921,17813
51647,17406
3597,18041
333558,16910
216536,16081
442622,16445
489267,16985
364447,15134
387328,12708
269286,13764
81552,17507
142278,16180
206445,15402
500082,17870
159396,13474
331520,13137
356270,14911
525393,15053
124613,16626
454008,17197
237631,16940
52672,14669
155479,13221
472507,16717
349717,15696
430201,16705
436369,13636
263797,17706
511141,13521
255539,15416
268083,14583
343862,13599
480607,17049
464612,16303
172305,12524
174919,18041
192746,15093
340766,15854
530056,14562
407303,15468
259082,17966
156967,14105
414166,15516
22311,17841
462134,15021
263877,12709
8445,17059
343716,13319
120673,13451
88472,17126
184832,13098
26048,16779
349961,12701
138834,15521
195638,12481
384594,13004
145901,13013
26406,18004
477821,17799
49472,17128
93887,16556
468781,13066
285659,15581
69006,14334
41585,15235
537302,15453
437368,14723
61951,12510
276040,17769
152189,14286
202695,16327
466289,16504
427055,14684
268364,17213
93776,17841
383181,12477
462229,13571
279106,15159
525868,16910
519521,17811
465075,18082
188470,17337
385674,13259
540273,12748
209094,14842
306898,15311
82432,12779
7473,13838
145866,16817
135970,14730
475268,15432
40206,14646
422420,13735
374610,15159
165865,13534
506014,17346
133751,14085
335485,15601
390419,13971
13218,15602
199758,14647
308362,15572
445549,15493
311638,13901
88561,14692
202329,15719
270913,16764
323709,14606
346643,17451
239082,12955
238939,15453
373431,17652
118193,13956
99853,16940
531427,12442
56223,13246
92462,13089
386847,17509
43409,13680
3414,15658
238756,18283
30220,17372
422163,16026
526315,16592
416825,12476
438120,17481
411454,17463
533272,12826
11907,15301
33982,14643
410208,16813
88156,15406
192625,17147
382732,14592
310544,14769
12262,16919
428305,18223
117250,12583
231850,17377
153892,14844
197854,14112
220814,17522
128713,15998
21421,16255
517881,14216
285201,17841
240185,13505
104207,12921
80293,17841
385419,13755
220270,14231
479117,13269
452094,14543
254172,16743
67831,15443
429622,14096
442219,13727
485583,15373
371833,15547
495080,17841
281427,17870
17315,14032
321235,17841
129164,14051
334178,12635
490122,17338
341180,15707
222593,14895
445165,15870
260401,16409
143596,13269
214582,16849
437339,14723
232781,14646
385537,16104
344596,13196
289714,13098
293173,13752
99099,14276
480907,15311
373876,18102
389023,15801
39680,15034
307480,16407
327482,17700
407089,17841
12704,13089
348070,15341
220420,15615
332860,15039
80334,12350
53264,17569
401719,14096
306390,16122
132247,13736
85498,14415
236070,16422
481001,14667
311432,16723
174298,17511
238605,15530
211254,17652
355735,12546
346248,14769
158932,12748
136894,18044
125870,14769
7251,16725
387388,17425
165309,13097
311678,15769
523240,17936
257999,13230
321228,17841
459154,15034
324798,15738
294189,13869
275495,17625
54326,14748
116144,18173
367505,15356
354088,12936
378019,12828
333529,16910
284738,15532
132695,15513
185874,12748
186148,16712
36250,17865
159781,14978
291979,13200
182609,15865
302266,16303
497733,12471
401232,13015
307722,13610
538056,15399
377868,12700
283672,12716
430213,16705
33631,15777
84313,13725
14764,15898
539883,15208
136325,12957
291191,12823
143575,13269
378900,14730
107936,14483
516016,12921
191469,15044
343003,16189
270868,13199
312501,13969
209347,17191
50807,12415
286380,16984
269936,14911
18197,12748
425050,16049
153629,14669
28730,17375
292014,12517
431950,16029
218024,16626
343426,17293
74605,16327
332786,17965
185259,16115
297501,15608
149012,14465
379066,17841
463152,16726
176554,15491
527527,15856
81508,14497
458232,17730
365438,12393
512943,14432
424720,12895
46800,13656
387240,13373
285761,14112
325876,16843
537847,14698
428521,13994
530362,18005
204490,15727
371903,14502
94822,13951
14794,13786
258947,16033
416978,12398
3623,16244
64484,12637
432411,17243
214018,17841
121795,18189
428938,14808
7013,15373
335472,12883
132619,17754
129287,15457
196297,15189
507325,14562
100708,17314
101199,17017
277791,13814
346869,14159
241395,15976
276138,14443
516705,16145
149449,13230
519058,13102
77505,15058
261894,14159
107955,15087
57503,15033
361239,13866
327793,13158
96356,12766
91823,12352
133152,15529
128566,17613
407463,14704
83284,13334
477711,13969
312605,14056
410230,16813
471197,12890
370012,12748
307391,14224
335622,14456
311618,17865
537716,17841
91874,14944
425908,14159
264505,14891
508138,14096
407644,12370
365579,14649
388174,17841
321492,14298
304662,16145
286763,12593
353727,14659
279496,17596
523578,17750
393716,17676
29382,14961
214540,16906
91082,17530
456517,12748
314488,14837
380862,13426
314548,15356
383469,14067
252352,15021
224254,14911
214935,15150
147629,16031
151392,16931
400414,12475
93375,17954
45416,18226
271720,13549
268228,14390
301498,14606
148517,15719
340793,13634
286434,16984
500476,15872
376635,16242
11737,15919
444526,17082
499351,17727
475071,17602
169202,13263
213637,13637
510846,16549
404642,14179
484682,15850
407430,14704
182580,16696
184861,16143
117374,15311
8395,17059
245880,17891
394844,13777
209176,12473
461280,16923
329912,14911
310448,15755
272994,13995
82686,16029
356424,18189
190936,16607
484036,15044
22378,14713
506191,12839
182937,12684
95970,12707
3073,13576
120008,12779
109296,17581
17700,16016
152056,14286
524044,13736
39618,17340
358641,14367
476879,14796
359426,16049
304977,16945
132118,13263
164460,18116
412128,16007
371241,15555
13164,17218
444224,14502
443107,12638
153762,17972
93373,17954
447840,17964
353371,13089
448459,14071
394941,14217
443265,14039
347011,13695
385902,16809
427072,14684
336237,16150
202229,13842
258139,16014
519808,17386
385774,16066
479863,13117
19993,12712
491881,15039
88509,17050
364869,18242
516744,15993
199386,14921
483991,16710
390448,12371
236360,13477
217154,15640
33943,17412
107087,16670
100875,16086
156676,13989
374723,15111
216276,13098
103986,15039
526860,18015
247221,13148
388684,13224
360313,14911
301169,16272
197689,12955
454040,14646
220467,12483
238997,13709
212322,14700
233421,12904
443192,14553
304715,12688
533581,13882
324483,16686
262451,12415
237663,16940
336569,13269
444031,15513
462050,14547
7117,17238
23899,18178
452172,17293
301563,14282
363722,17017
274365,12476
443005,17581
473182,16204
80326,12350
407675,15803
153130,15867
75423,14040
485445,16139
379202,17816
407891,18210
124880,14041
90024,15601
372409,14488
313912,16670
198843,13555
269338,14156
288313,14088
483530,14159
432551,16360
77248,17580
259643,17589
96426,15065
282337,17965
29022,13324
446603,13673
335025,16549
115156,15529
234552,12474
104692,14056
371351,13558
241470,17841
440749,17841
489383,17360
38482,16713
494084,14216
71540,13405
276430,17522
392952,13985
109367,17315
324957,12851
81761,13871
399148,13878
173991,14307
455204,14096
142420,18230
106271,14676
242330,12599
199425,14769
405939,14381
431631,15977
177648,13475
407490,14704
346159,14769
59911,18212
442188,15514
240344,17593
212945,12980
280337,17315
277757,16033
436521,17491
79338,14233
79224,12682
13010,17841
436536,16221
311886,16029
20241,13240
273379,14298
468874,14711
390251,18241
116210,14854
186479,13235
341086,16910
19431,14030
444877,15993
409934,17672
50953,15039
387724,14719
303810,16755
400982,14911
198672,14388
128787,15719
116737,14056
33116,15379
58821,17064
373543,12637
505406,17031
4987,18239
346010,14769
269419,14911
132506,16700
218134,15382
246857,16498
146173,17596
25452,17251
144910,13263
119335,14911
29376,14961
441421,14592
495254,15640
448061,16253
207671,16746
443274,13040
37460,12668
327686,13949
163062,14606
365425,14911
444045,14511
376151,14332
201573,12989
267030,17984
81281,17672
308378,15572
118501,15671
460546,15311
469486,14911
223326,13617
353352,16735
404334,16940
360624,15218
202477,18202
19292,17340
277781,13814
537990,13954
501113,17920
508761,14321
356356,17841
275731,15640
177077,13081
284369,14911
361742,13405
115110,17238
146214,15727
444151,17920
362726,14456
192696,16218
217888,15743
150027,16623
124953,14282
352404,16085
71876,14911
166857,14189
52514,17365
358893,14800
526806,16200
146013,15572
33052,15394
88548,17085
523085,14546
87878,16191
211460,12517
307794,17059
244879,17841
105352,14740
43313,14210
321290,17386
497964,12784
180843,15673
305762,15472
285515,12534
538811,13269
44648,15358
56023,14085
444793,12357
360276,15626
519666,12700
163021,12476
113281,12758
119983,13971
70311,14298
442824,14963
100007,16208
140745,16801
519617,14897
306087,14064
227521,16461
122456,12514
367003,17633
21471,12649
513447,14156
416875,13481
54251,13488
320189,12621
421819,16847
420638,13435
500689,17468
397921,14390
168394,15065
465878,15953
166607,17109
314137,14911
128554,17613
226232,14461
47217,13187
492602,14646
81156,14133
381495,12757
127468,12867
478455,15811
80478,17337
28107,17338
196703,17841
538027,13860
295708,13162
328533,12748
461405,13004
323047,12670
418254,16110
309216,15150
156791,14206
374690,15111
370155,15034
453785,15531
176591,13269
280169,16750
231226,14085
440115,16012
522912,16033
179677,14684
227685,17581
64947,14085
436059,15521
494322,14096
287255,14688
126362,17211
383324,15214
371942,14502
2237,16274
177641,13475
263790,17706
84685,17787
319496,12477
397703,16413
116419,14841
287369,13850
277328,15289
116158,14057
307001,15862
224870,12472
447721,17886
117726,16766
179708,14684
29823,14298
68928,13408
539882,15208
225812,16919
180551,12490
343027,17428
126458,15408
457099,13230
408312,16170
491727,17759
295177,13500
115924,15838
236905,12379
267821,13488
445136,13097
363025,16713
91075,17530
523997,13736
487981,14198
245588,14401
119670,18260
314569,15356
284568,16401
171484,17068
348685,14446
452694,14482
488508,16748
267779,12744
395741,15272
68059,17841
88320,17282
319362,17298
25387,15503
151355,15955
483976,16710
381346,13816
165135,17567
324571,16813
460457,13895
81557,13208
391050,13263
156224,13317
256143,15311
49232,14800
404551,12679
82202,13137
130710,12683
301024,14658
522501,13471
302102,15752
422557,15707
307446,14572
386501,13212
225704,15719
453905,16003
327756,14360
228162,12415
421869,14971
82909,17392
72890,16496
481877,14073
335389,13611
386415,17790
20177,14527
139221,16657
421623,16009
265308,14293
439446,17979
523858,13521
281995,15023
504725,15987
399249,16934
223774,16794
180622,13908
301396,16836
380310,14849
337135,18180
73107,12539
463303,15411
340251,18092
313920,16670
444412,13719
30299,16503
412799,13598
367830,16653
9248,15426
316141,14869
75306,18016
52610,14669
32931,16743
116081,14713
150586,16556
412470,14800
224891,15069
87607,17705
123854,14911
29181,16442
519640,12558
252027,17220
217045,13395
469882,12933
195571,17047
118458,16954
124183,17673
455606,15184
3955,13117
116530,14930
128509,17272
335238,12748
312594,14056
452855,17702
154285,17180
228238,12415
276198,13137
249847,16837
143964,17337
436116,18044
325729,15136
518896,14911
96454,15065
14756,16904
530333,18005
444238,14502
290146,17470
530602,14071
131568,16265
110547,13263
516894,13159
224628,15845
26201,15547
423323,15023
490120,17338
264042,15187
440431,15676
200726,14049
348001,17147
270495,12480
220655,14911
448897,13975
305498,13617
266544,13654
147013,16161
258637,12556
138884,17616
254095,15719
516205,12429
396781,17841
299329,14525
290254,12626
398884,14910
314466,18036
68108,18283
97724,17442
307046,12523
93671,18125
462473,13536
242344,17442
34534,17315
143720,18116
74015,13174
398313,15078
326868,14842
500590,14966
526131,14401
107938,14483
239970,17858
187268,17404
95717,12988
444222,14502
240534,15644
309358,12627
495555,17290
538527,13263
207444,14823
240312,15532
293926,14911
256200,15157
472867,13926
531859,12820
420970,15993
177961,13743
182762,14680
214082,15005
368611,14709
323791,13695
195677,14735
156684,14062
321684,17220
291912,12610
476847,15187
179552,15704
98078,17511
396182,13853
78301,13494
188475,17337
152781,17841
29195,18075
307630,15984
375999,14056
368647,15933
121528,12523
492625,14646
370992,15038
119465,17841
263095,13012
324442,16686
138272,17364
424512,16764
257540,17841
239948,13791
262424,18225
352998,16213
412420,15584
93404,17954
381596,13018
428572,15752
304801,12688
499833,14132
360683,13867
234946,17757
7071,17198
452553,12931
471745,14286
310829,12540
29175,16442
197034,15648
371010,17811
478745,14456
80614,17848
413109,17841
520978,14250
81007,16684
205629,15785
278056,13110
382786,14959
444431,13523
421663,15145
192502,18257
290016,13263
495536,17290
61594,12356
247395,15952
149720,13362
37843,15640
358261,13083
488710,18139
235188,15311
196336,12620
109782,14670
444804,12357
400146,15218
205698,14646
271555,17229
197406,14911
192557,17811
530443,17914
181117,16729
507990,16684
119411,13263
304205,17338
460065,17052
434773,17675
485626,14911
211038,13334
357103,16240
308658,16952
241294,16033
82751,14194
107652,14388
4614,15574
407330,14175
143104,14911
452143,14240
180905,16440
406225,14911
483320,14052
315024,14472
475537,14911
410511,17571
85112,17655
409982,17672
433285,17813
140997,12678
442884,16372
512740,17841
202561,13771
430222,16705
146773,17492
238079,17611
127371,13081
391824,13969
531249,16495
45763,15719
141363,17861
517109,12951
440079,13534
425043,16049
209376,16818
156726,12569
426904,16049
183160,16431
499727,14703
85486,16951
107055,15067
517662,16813
410073,13573
66038,14646
4814,14775
347002,14735
411507,17463
159020,16770
194718,16906
243430,15334
265933,16180
427675,14723
201937,13523
83890,16033
220406,15615
305779,16928
148411,13950
162786,16628
182380,16841
323232,12474
313015,13517
533240,17511
333202,18167
407,16218
369504,13263
25953,16010
315104,15325
421015,15993
192697,16218
328675,14911
488767,14911
386961,15152
276595,14180
252792,17511
177054,13081
255840,17042
479844,17324
440095,12577
180350,12700
270285,14178
207306,17152
174222,12886
140734,16801
93692,15044
404614,14179
427310,17590
331441,15144
8493,16327
91053,17819
326877,14849
485910,15645
259613,17589
184768,14462
445873,15719
194234,17530
170859,14646
31279,17449
280412,16767
20573,13982
223601,16938
302900,17097
108152,15053
137999,15628
23386,17827
31955,16161
457719,13727
537901,14719
375278,15529
111649,14214
522176,17243
206559,17841
397273,14606
223832,17802
309837,17841
459913,12517
505037,17595
179343,16928
486458,15163
106903,14606
230838,16869
385798,16066
448306,15039
345698,16438
412795,16686
402121,14830
497228,16596
350359,15737
243436,15334
29895,14298
357418,14911
275778,15856
249081,12705
177883,12394
527923,14096
517090,13890
223647,17422
414560,14474
94343,15290
6701,14911
75220,13141
187891,14390
283870,14854
469115,15955
157282,16523
522151,14031
301060,14321
309555,14930
434062,12748
9213,15426
236695,15601
78878,17376
299360,13158
312789,12714
360685,13867
469127,15955
63554,17097
146089,16919
194695,14758
296770,16904
138504,16712
61650,15291
235214,13178
249764,12989
289668,17735
396114,14234
249877,17469
108116,15719
240033,17284
102721,15990
130415,17830
534474,16426
339526,15998
189455,13089
371034,16693
459206,12985
236724,14422
233757,14796
266936,14606
90769,16431
193551,15855
190622,15854
375834,14184
338054,15529
538902,16358
522588,13536
524943,12748
306810,12991
333184,16603
200936,14573
386582,16518
8708,15880
181045,17634
245667,14132
49151,13668
308851,15033
246070,17800
136832,13477
215065,16520
148225,14961
188906,15529
429273,15044
140266,13268
171769,14640
385875,16873
480062,18034
425418,15708
321873,16764
220670,14911
194237,17530
165702,12506
418938,13601
232202,16493
153273,16409
168416,12429
391897,13208
197502,15122
242131,15065
340798,13634
44209,12471
490249,17338
185824,14277
412236,15000
250247,17049
538782,14730
415000,16728
59322,17690
498446,14591
151273,13548
375381,16556
494841,12723
61668,16997
201047,16033
454900,17188
224075,13517
363784,15584
388893,14535
41183,17961
179033,15796
175554,15356
66809,17799
12900,17191
231485,13097
173305,14135
469084,13078
150273,14258
71364,17515
70720,15339
350438,16358
286713,12627
310497,15005
69691,15078
343728,16764
486368,17811
24181,15514
96946,16014
340117,13263
403312,14897
293551,12885
56813,12578
476448,14112
191136,15125
364283,14911
355253,15555
282379,14911
9501,15555
171627,13725
41525,12427
419392,13126
97925,15303
424517,16764
37534,14472
477637,18221
410658,14646
503030,18145
493449,14049
421777,17459
285194,17841
314851,15074
441444,14592
361902,15754
276469,16558
101127,15121
75837,15415
434165,17841
222095,17797
346451,16370
1237,15485
216726,14375
224119,13936
453521,15916
306646,16638
526515,17920
393085,16241
224747,17027
385856,16873
168353,13842
360839,14387
54140,17965
121836,16523
216877,17124
363067,15061
525670,14649
463575,16898
162795,16628
389343,16791
419985,15005
353307,16395
85699,15039
97695,13113
301740,15706
458032,17295
296394,16292
471856,14156
120574,14156
269235,13764
134973,14476
488269,13881
334324,14508
294951,18248
165920,15034
488848,15877
25859,17372
241599,16242
495745,12948
433254,13021
110151,15034
249852,15785
438376,13267
460595,15311
351024,14428
518813,17920
338513,18044
309569,14930
211306,18135
424001,15096
418923,13601
357217,13336
274065,14410
315331,18077
242392,16928
229446,16843
466199,14953
528061,14096
86512,12601
239207,15128
29257,17526
369045,15984
342839,17602
363368,17609
229296,16571
378710,17841
385372,13755
461335,17041
142580,14419
439895,14388
225419,13742
440832,17841
387262,13373
472627,17412
408385,14911
319868,15498
334673,14606
381758,12627
137904,15738
32369,16725
486062,14963
23887,14911
510675,15214
332517,12449
144628,13294
398570,16839
497956,12784
498387,14591
128670,15998
142734,17701
529545,16929
320904,13089
500596,14966
266748,16168
121729,12435
188531,12682
74508,12853
158501,14056
168730,15301
407290,14273
513803,16657
355816,13949
249813,15078
403342,14015
380171,14317
289563,12502
18244,14217
105369,14740
31785,14201
171767,13085
464596,14911
530676,17250
537600,15877
444386,14664
445158,15870
411610,13157
211277,16928
459211,12985
136783,16455
174423,18065
180730,12621
492221,12936
138807,12456
337233,15996
126950,14659
213192,16923
395688,16121
113870,13089
433778,16790
489535,13569
522661,14720
399337,14702
385356,13755
185872,12748
7847,15351
321217,17841
48673,15601
143470,16010
439306,18122
252558,17238
245913,16317
199773,15555
191302,14911
140777,14527
58899,17609
192339,14952
412041,14031
344491,15505
303824,16755
389269,16791
418258,16110
55250,12868
218017,16626
439013,13495
223248,18109
283553,16729
482568,14911
156,15311
48846,13233
352762,13704
465368,15033
529781,12682
228263,12415
456216,13148
439206,13004
509997,13668
169810,12621
310787,13263
406652,12472
118617,15159
223069,16633
213674,14696
476423,17095
311128,15249
25130,16873
201968,13523
79249,14665
355634,16136
503141,13782
247527,17781
414491,17344
425992,14159
426955,13113
302238,16303
137285,17398
287114,15228
367791,16653
7416,15545
224481,12714
310048,13481
453960,16700
384420,15874
132639,15835
537626,17841
438858,12397
537721,17841
185771,14277
270360,12662
455363,17416
31573,13458
150237,14958
337748,14276
385742,12748
232876,16670
541621,14422
46909,13081
360785,17287
447736,17091
58600,13048
464718,16936
149446,13230
458253,12856
52465,17365
454642,14262
443645,17107
434650,18104
356458,16978
476805,12847
173322,14107
145983,15572
164643,17217
26707,14505
54750,12652
484889,17758
96340,12766
95419,13097
154620,16454
83839,13458
674,12838
340707,15933
196992,15791
295363,13018
88696,17472
148515,15719
513807,16657
485430,17675
224147,12567
481040,15368
499407,15514
362358,14419
410734,14911
408602,17238
177083,13081
392961,13985
357453,14911
538214,14653
20232,13240
336459,14527
148261,14911
167016,12971
302715,16033
387585,18126
107896,16571
436958,12437
217919,17409
278003,12836
302688,17637
225560,15218
337598,18069
107417,17738
380467,13090
260201,16701
361385,14096
205796,14584
398491,14595
501185,17883
28009,15555
225006,14841
524240,13417
355122,18172
516850,13777
284910,12942
190454,16283
401878,18179
101052,15805
154700,13694
162829,13141
28706,13089
62679,14428
476569,14704
41346,14606
139704,18198
371313,15952
276583,12763
534878,13769
115381,16771
116085,14156
426209,17255
140239,13268
376143,12395
275940,16241
427934,13822
169150,12573
98126,16161
419509,17428
43358,17975
483143,14704
149016,14465
88644,17472
58253,17954
423883,15611
301228,13089
465058,14606
19933,16782
145964,15572
398383,12562
50037,14395
197065,15201
45933,16676
89568,13475
311305,14796
117364,15311
423886,16843
168223,13209
223604,16938
258824,13224
299910,16209
312432,15764
168251,13209
314976,15625
96558,15146
12640,16550
238033,14534
448752,17841
147506,14220
365118,13842
514072,18283
146764,15145
124902,16023
534423,17602
445126,17761
479770,18061
255852,17042
146705,17841
380769,15518
433908,14285
532899,17883
325374,17229
347088,16906
90341,17348
503805,16923
299783,14911
286038,14567
194605,16818
370085,15034
121234,15182
444422,14824
129001,16374
491641,14329
258066,16877
422826,14357
472029,17841
134017,12748
315333,18077
89966,15358
215685,17252
126893,15218
371807,16930
166222,14298
133194,15529
506007,17346
165958,15034
233269,13815
497879,12921
454420,14606
199157,16945
180228,17323
291389,14562
255975,12681
288344,14401
116274,12370
489126,15525
517200,14869
424643,15311
152515,13798
246972,18226
495304,16660
244984,14803
117676,13226
166142,13505
416466,14096
277966,14692
331723,16031
342972,16156
358346,16744
523782,13521
277911,14342
258591,16572
6618,16926
280848,12397
80143,16771
506787,18101
493159,12748
96845,17338
118369,17611
405977,12572
91025,14825
72071,12474
93625,18116
114711,16221
105407,12428
387848,14911
308593,12645
485335,16399
488010,17100
488415,13456
374033,14651
174821,13576
271817,17677
301103,15048
371132,15164
506462,16744
361002,13639
122443,17591
418141,16110
281627,13813
282664,14002
193339,15570
257389,15756
69602,14541
460139,12480
374029,14651
321115,15719
279305,15513
349195,16464
410711,14911
49372,15708
95080,13246
43631,15808
493506,14049
83818,13458
390977,15024
349834,17651
403664,14298
398867,17837
240263,15532
408429,14911
55256,12868
44575,15093
503181,13596
379894,15856
421212,15948
497269,17228
436915,17634
94562,16393
180094,14606
409835,16846
114808,17864
180548,12490
541861,12748
456454,12508
8134,18118
380252,15769
463864,15861
310565,14769
234990,12444
513238,14653
508923,13883
42607,14606
526667,15640
331302,16426
372361,17954
378261,16140
375786,15255
328130,16928
403550,15327
32308,12577
49036,17243
38572,14298
29484,15039
402049,16932
286419,16984
188827,13018
408473,15301
285494,15625
133051,14209
64230,17602
450045,16284
495654,17725
203641,16923
524551,12841
427644,15385
533680,14911
17680,18043
252702,17861
338931,17037
70354,14409
468170,15758
344720,17049
229222,15907
155114,16224
202230,13842
4375,17581
520592,15539
180494,17049
320693,15856
535252,17097
525534,16360
75511,16923
130866,17486
224901,15069
342165,17677
420329,12362
113224,16917
147060,17677
495150,13644
66371,14175
349334,17564
109488,12547
438535,14913
31984,12666
282801,12743
412697,16686
413796,15592
350346,17511
232061,15373
507029,16800
456962,16791
126824,14245
136252,15032
358710,15860
294292,14298
278039,13110
232204,16493
181295,13178
171889,16782
199049,13227
432404,17243
517688,17014
149317,16261
529964,17593
408654,15664
261735,16843
136198,16814
529558,12766
348897,13448
485535,12349
148146,18272
282407,13340
14051,18055
409157,16474
244511,13988
206415,14338
180946,16326
421441,13363
469248,16240
175530,15356
19481,16011
177045,13081
72131,16714
295752,14527
9019,17863
280265,12753
217880,15743
331253,16426
114924,17138
521311,17238
386096,16595
83169,14952
472877,13285
494670,14096
143072,14911
49239,14800
258433,13184
399445,18122
276848,13956
232430,15076
202112,12647
241503,17841
66130,17890
45038,15464
394783,13477
214067,15005
305927,17720
239574,16395
441027,14056
177725,17516
366598,14952
88804,16897
48766,17284
361317,14096
416966,12398
55221,15727
246543,12748
399722,14562
191468,18102
462679,17841
126197,12921
70321,15311
258805,14796
19556,12433
50091,13451
141042,13089
142277,16180
333687,14895
289215,16348
280190,16750
466363,13577
25760,12753
120942,15687
388526,16549
29944,17158
333319,14961
414854,15786
252477,15159
281637,13813
3713,14390
286617,16984
464572,14530
313388,15950
469381,15720
380126,13999
219689,14056
484627,14071
508832,13467
9295,12647
246952,16326
169702,18077
128324,13869
427874,13822
289910,15005
372938,13635
393034,12709
126292,16115
472747,16669
413565,14629
142080,17781
265383,14572
534760,16779
475792,17461
482440,15919
125143,17961
205705,14646
127118,17204
221534,18102
534323,17602
403043,17757
500832,16814
517096,13890
425209,14071
338002,16814
423062,12952
309211,15150
89379,17346
109133,12541
162945,14672
533822,17232
390149,12772
81444,14540
347571,15504
355470,15194
386911,14665
152797,17841
132916,18109
295084,17139
225662,15719
358528,16480
20425,18041
89385,17346
67796,15167
456487,16979
323200,18027
520427,16133
306754,13871
25943,17917
229390,16814
329801,12490
368590,12709
440892,12484
59164,15696
284952,12942
358770,14540
463064,15787
1199,17905
355489,12704
49269,14800
265362,14572
107302,15189
130489,12818
189153,15382
128958,14711
217711,17828
369147,14916
94230,12852
228184,12415
80226,12414
75276,13709
342439,17786
182615,15865
256003,12648
448113,15573
424240,14498
393137,15311
216147,13330
439324,15722
327765,14360
223964,17961
152231,15780
244570,16904
71562,12782
205774,13015
456423,14180
297982,13488
51618,17406
47109,13280
336331,13375
424183,17841
273238,15108
103188,14472
106334,13110
196573,16813
481951,14902
357265,16128
299754,16045
47325,16019
44201,15311
422412,13735
424105,14110
459065,16386
347027,14646
201772,16729
264808,14907
280670,17841
382957,17231
289174,14972
157193,13952
378733,17690
14798,13880
212282,16117
80219,17446
129363,12613
263683,18283
20548,15271
288161,15374
243398,14527
13096,13495
300601,14040
371621,15906
440626,17084
33379,15157
519147,17841
531033,16528
271693,16774
422055,17545
179320,16121
61811,18118
362526,14755
151007,13630
169063,15237
369426,14911
371935,14502
227973,15005
159242,15555
49936,18260
116977,17076
105910,15092
142158,13758
163674,13263
134912,16777
142971,13418
460158,12480
256163,13862
143246,15356
74731,17965
372610,14096
73104,12539
363778,13014
45740,15719
393062,12444
110365,14499
384442,17509
1321,15350
126708,13018
172096,16931
220664,14911
82655,16725
316232,16126
71967,14978
397807,15620
64532,17811
538668,14415
532948,14708
345260,14462
234728,15507
499626,15117
406933,13590
118381,17611
503260,13596
186724,18245
285669,16904
499500,15750
26694,14505
355788,18041
195005,18097
223812,16794
191540,14911
217838,14257
350761,14096
348322,17450
163499,16919
294060,13869
402111,14830
282158,14898
479310,13050
403439,13594
367042,16059
2456,14606
299532,13888
411404,16015
132341,16022
220261,14231
257621,16880
353188,17581
442141,13527
175796,13888
89915,12867
107198,17770
342387,13018
17543,15100
